timestamp,candidate_id,params_hash,split,sr_net,n_obs
2026-07-19T22:55:20+00:00,g2_gen0,0a9b1d68d71cb94c,train_g2,-7.581498,12328
2026-07-19T22:55:23+00:00,g2_gen0,daf111b857dcfc9b,train_g2,-4.661718,12296
2026-07-19T22:55:25+00:00,g2_gen0,f804ec00654bf5b3,train_g2,-4.092733,12061
2026-07-19T22:55:27+00:00,g2_gen0,c700bb0d6223307e,train_g2,-1.439777,12307
2026-07-19T22:55:28+00:00,g2_gen0,481a156caf055b29,train_g2,-4.510687,12093
2026-07-19T22:55:32+00:00,g2_gen0,97ffda55c1650f0f,train_g2,-3.915662,12358
2026-07-19T22:55:34+00:00,g2_gen0,fcb625617400efe8,train_g2,-0.194457,12324
2026-07-19T22:55:37+00:00,g2_gen0,5dd705560e563c68,train_g2,-5.914817,12337
2026-07-19T22:55:39+00:00,g2_gen0,94fb22b5e1d6581a,train_g2,-1.48829,7956
2026-07-19T22:55:41+00:00,g2_gen0,0a9b1d68d71cb94c,train_g2,-4.506372,12328
2026-07-19T22:55:43+00:00,g2_gen0,b246fd5f725e2e61,train_g2,-1.354664,12356
2026-07-19T22:55:46+00:00,g2_gen0,05a5d8ecfbf4c9b7,train_g2,-0.729509,12298
2026-07-19T22:55:48+00:00,g2_gen0,a80c02a74d559a80,train_g2,-2.330035,12338
2026-07-19T22:55:49+00:00,g2_gen0,5588f7988eb62f77,train_g2,-3.004274,9615
2026-07-19T22:55:53+00:00,g2_gen0,a80c02a74d559a80,train_g2,-8.254159,12338
2026-07-19T22:55:55+00:00,g2_gen0,9ff8c05775a73610,train_g2,-6.019215,6174
2026-07-19T22:55:57+00:00,g2_gen0,82fa9ac7c47bb1ac,train_g2,-4.303574,12297
2026-07-19T22:55:59+00:00,g2_gen0,ad07a9cb13ae6b70,train_g2,-6.162746,12271
2026-07-19T22:56:01+00:00,g2_gen0,6cfbde2d413a3ff0,train_g2,-7.992847,6183
2026-07-19T22:56:03+00:00,g2_gen0,a80c02a74d559a80,train_g2,-3.990099,12338
2026-07-19T22:56:06+00:00,g2_gen0,a80c02a74d559a80,train_g2,-2.330035,12338
2026-07-19T22:56:08+00:00,g2_gen0,82fa9ac7c47bb1ac,train_g2,-2.71688,12297
2026-07-19T22:56:10+00:00,g2_gen0,e131b47720067981,train_g2,-5.227069,12346
2026-07-19T22:56:12+00:00,g2_gen0,97ffda55c1650f0f,train_g2,-6.298451,12358
2026-07-19T22:56:14+00:00,g2_gen0,bb43e4d41207ed3d,train_g2,nan,0
2026-07-19T22:56:16+00:00,g2_gen0,96cf06516cfbb392,train_g2,-5.470182,4109
2026-07-19T22:56:18+00:00,g2_gen0,97ffda55c1650f0f,train_g2,-6.639329,12358
2026-07-19T22:56:20+00:00,g2_gen0,9313011c0ad15d3f,train_g2,-3.900988,12354
2026-07-19T22:56:23+00:00,g2_gen0,a80c02a74d559a80,train_g2,-5.706244,12338
2026-07-19T22:56:25+00:00,g2_gen0,bb43e4d41207ed3d,train_g2,nan,0
2026-07-19T22:56:27+00:00,g2_gen0,246a4ec4837b39a3,train_g2,-7.751487,8324
2026-07-19T22:56:30+00:00,g2_gen0,90fe68064f9f1800,train_g2,-0.386589,12327
2026-07-19T22:56:33+00:00,g2_gen0,0a9b1d68d71cb94c,train_g2,-3.858425,12328
2026-07-19T22:56:36+00:00,g2_gen0,7ec384754ed4a7fd,train_g2,-1.301576,6676
2026-07-19T22:56:38+00:00,g2_gen0,9313011c0ad15d3f,train_g2,-0.165167,12354
2026-07-19T22:56:42+00:00,g2_gen0,b7fe2fac3d6780a0,train_g2,-8.53703,12245
2026-07-19T22:56:44+00:00,g2_gen0,7da0d274791e3ab7,train_g2,-1.332421,12299
2026-07-19T22:56:48+00:00,g2_gen0,1a83f905ab6ab090,train_g2,-7.886287,10697
2026-07-19T22:56:50+00:00,g2_gen0,1ffb3b5dfdf06913,train_g2,-0.561688,11727
2026-07-19T22:56:52+00:00,g2_gen0,7c12806e6338a007,train_g2,-6.233143,12357
2026-07-19T22:56:55+00:00,g2_gen0,bb43e4d41207ed3d,train_g2,nan,0
2026-07-19T22:56:57+00:00,g2_gen0,82fa9ac7c47bb1ac,train_g2,-7.223346,12297
2026-07-19T22:57:00+00:00,g2_gen0,ddaa268d56438d03,train_g2,-0.989666,12348
2026-07-19T22:57:01+00:00,g2_gen0,bb43e4d41207ed3d,train_g2,nan,0
2026-07-19T22:57:05+00:00,g2_gen0,82fa9ac7c47bb1ac,train_g2,-7.956241,12297
2026-07-19T22:57:08+00:00,g2_gen0,89da11a8e46c47c7,train_g2,-7.778105,12326
2026-07-19T22:57:10+00:00,g2_gen0,7c12806e6338a007,train_g2,-0.507879,12357
2026-07-19T22:57:12+00:00,g2_gen0,d663bce6abd2eb43,train_g2,-3.343736,12344
2026-07-19T22:57:14+00:00,g2_gen0,fd3126299a763e55,train_g2,-5.902312,6175
2026-07-19T22:57:16+00:00,g2_gen0,daf111b857dcfc9b,train_g2,-4.786327,12296
2026-07-19T22:57:18+00:00,g2_gen0,a5fd0da7c0a08ca8,train_g2,-8.934909,12353
2026-07-19T22:57:21+00:00,g2_gen0,bb43e4d41207ed3d,train_g2,nan,0
2026-07-19T22:57:25+00:00,g2_gen0,fa1175b744c6bc70,train_g2,-5.66196,12292
2026-07-19T22:57:27+00:00,g2_gen0,bb43e4d41207ed3d,train_g2,nan,0
2026-07-19T22:57:29+00:00,g2_gen0,9313011c0ad15d3f,train_g2,-7.439655,12354
2026-07-19T22:57:33+00:00,g2_gen0,5f11bc7b0755fe93,train_g2,-3.571906,1154
2026-07-19T22:57:34+00:00,g2_gen0,bb43e4d41207ed3d,train_g2,nan,0
2026-07-19T22:57:37+00:00,g2_gen0,64342e4fcc5ecec4,train_g2,-7.047122,12261
2026-07-19T22:57:39+00:00,g2_gen0,21e9f2e90a2a16ff,train_g2,-1.634439,12305
2026-07-19T22:57:44+00:00,g2_gen0,bff93b07f7e0f167,train_g2,-6.736681,12251
2026-07-19T22:57:48+00:00,g2_gen0,50dc49af340f2c5c,train_g2,-2.521747,12267
2026-07-19T22:57:50+00:00,g2_gen0,a80c02a74d559a80,train_g2,-0.692652,12338
2026-07-19T22:57:53+00:00,g2_gen0,99ff8049f77ab128,train_g2,-6.282456,12202
2026-07-19T22:57:57+00:00,g2_gen0,6aae7a564d291071,train_g2,-4.923933,12012
2026-07-19T22:58:00+00:00,g2_gen0,82fa9ac7c47bb1ac,train_g2,-8.001426,12297
2026-07-19T22:58:03+00:00,g2_gen0,bcbfa572e2b36a47,train_g2,-9.126712,5270
2026-07-19T22:58:07+00:00,g2_gen0,35ab6eed92ca6921,train_g2,-7.314816,11421
2026-07-19T22:58:10+00:00,g2_gen0,a5fd0da7c0a08ca8,train_g2,-8.472472,12353
2026-07-19T22:58:13+00:00,g2_gen0,6cfbde2d413a3ff0,train_g2,-7.992847,6183
2026-07-19T22:58:16+00:00,g2_gen0,c700bb0d6223307e,train_g2,-1.5904,12307
2026-07-19T22:58:20+00:00,g2_gen0,c8e2dc0c3190bd44,train_g2,-6.006728,12333
2026-07-19T22:58:24+00:00,g2_gen0,7c12806e6338a007,train_g2,-5.558838,12357
2026-07-19T22:58:26+00:00,g2_gen0,b6768309afc8bf39,train_g2,-6.728527,12291
2026-07-19T22:58:29+00:00,g2_gen0,b246fd5f725e2e61,train_g2,-4.02653,12356
2026-07-19T22:58:31+00:00,g2_gen0,ad38e9ba520fc069,train_g2,-5.577154,11961
2026-07-19T22:58:33+00:00,g2_gen0,90fe68064f9f1800,train_g2,-0.482045,12327
2026-07-19T22:58:38+00:00,g2_gen0,e131b47720067981,train_g2,-3.164422,12346
2026-07-19T22:58:41+00:00,g2_gen0,82fa9ac7c47bb1ac,train_g2,-7.087499,12297
2026-07-19T22:58:43+00:00,g2_gen0,05b4e73f2264f9ef,train_g2,-6.673095,11856
2026-07-19T22:58:46+00:00,g2_gen0,e131b47720067981,train_g2,-1.516686,12346
2026-07-19T22:58:49+00:00,g2_gen0,98748216e79facd8,train_g2,-3.481339,12336
2026-07-19T22:58:51+00:00,g2_gen0,6f1ebd7b7aa898bd,train_g2,-8.13985,6182
2026-07-19T22:58:54+00:00,g2_gen0,9313011c0ad15d3f,train_g2,-8.370603,12354
2026-07-19T22:58:56+00:00,g2_gen0,a80c02a74d559a80,train_g2,0.635547,12338
2026-07-19T22:58:59+00:00,g2_gen0,0a9b1d68d71cb94c,train_g2,-6.93512,12328
2026-07-19T22:59:01+00:00,g2_gen0,36d365a74f251cd3,train_g2,-6.318666,10210
2026-07-19T22:59:04+00:00,g2_gen0,d6b7dba7c4b60f1d,train_g2,-8.080096,12304
2026-07-19T22:59:06+00:00,g2_gen0,6cfbde2d413a3ff0,train_g2,-7.992847,6183
2026-07-19T22:59:09+00:00,g2_gen1,cfcb4fbed60ae9f4,train_g2,-2.260022,12323
2026-07-19T22:59:12+00:00,g2_gen1,83dbc60dacf56e04,train_g2,-0.702034,12324
2026-07-19T22:59:14+00:00,g2_gen1,31ffac49f195819c,train_g2,nan,0
2026-07-19T22:59:16+00:00,g2_gen1,c14d253beca71d3e,train_g2,-0.293906,12328
2026-07-19T22:59:19+00:00,g2_gen1,1a5af41a9cf78e39,train_g2,-4.85348,12348
2026-07-19T22:59:23+00:00,g2_gen1,3f861f8b57b81fbb,train_g2,-7.462367,12316
2026-07-19T22:59:25+00:00,g2_gen1,625c53ee7a3fa772,train_g2,0.671395,12309
2026-07-19T22:59:28+00:00,g2_gen1,83dbc60dacf56e04,train_g2,-4.056512,12324
2026-07-19T22:59:33+00:00,g2_gen1,63133142a3025d63,train_g2,-5.208022,12344
2026-07-19T22:59:35+00:00,g2_gen1,ea9356343b92f25a,train_g2,-7.869182,12357
2026-07-19T22:59:37+00:00,g2_gen1,0ca4f1c1766d09cc,train_g2,-4.564643,12356
2026-07-19T22:59:40+00:00,g2_gen1,ea9356343b92f25a,train_g2,-1.50293,12357
2026-07-19T22:59:44+00:00,g2_gen1,0860f533110fce87,train_g2,-8.317942,12353
2026-07-19T22:59:46+00:00,g2_gen1,31ffac49f195819c,train_g2,nan,0
2026-07-19T22:59:48+00:00,g2_gen1,2ff580c47a13ef61,train_g2,nan,1
2026-07-19T22:59:50+00:00,g2_gen1,e2bd7f897e7abae8,train_g2,-4.526137,12354
2026-07-19T22:59:52+00:00,g2_gen1,625c53ee7a3fa772,train_g2,-0.383188,12309
2026-07-19T22:59:54+00:00,g2_gen1,e2bd7f897e7abae8,train_g2,-3.80423,12354
2026-07-19T22:59:57+00:00,g2_gen1,ea9356343b92f25a,train_g2,-4.772545,12357
2026-07-19T23:00:00+00:00,g2_gen1,d583dd152b779bff,train_g2,-2.360673,12288
2026-07-19T23:00:02+00:00,g2_gen1,ef8aacff8b4894d3,train_g2,-7.00875,12297
2026-07-19T23:00:05+00:00,g2_gen1,a8cc57aed7fdf471,train_g2,-4.979376,12358
2026-07-19T23:00:07+00:00,g2_gen1,a8cc57aed7fdf471,train_g2,-3.36031,12358
2026-07-19T23:00:09+00:00,g2_gen1,625c53ee7a3fa772,train_g2,0.696549,12309
2026-07-19T23:00:12+00:00,g2_gen1,ef8aacff8b4894d3,train_g2,-5.31977,12297
2026-07-19T23:00:14+00:00,g2_gen1,625c53ee7a3fa772,train_g2,-0.585719,12309
2026-07-19T23:00:17+00:00,g2_gen1,e2bd7f897e7abae8,train_g2,-4.507727,12354
2026-07-19T23:00:21+00:00,g2_gen1,63133142a3025d63,train_g2,-0.665998,12344
2026-07-19T23:00:24+00:00,g2_gen1,ef8aacff8b4894d3,train_g2,-4.303574,12297
2026-07-19T23:00:27+00:00,g2_gen1,e4526b4791099af3,train_g2,-4.793,12283
2026-07-19T23:00:30+00:00,g2_gen1,c6260a0c9691f8fc,train_g2,-0.566944,7512
2026-07-19T23:00:32+00:00,g2_gen1,143a9eaf07457e13,train_g2,-4.395534,12074
2026-07-19T23:00:34+00:00,g2_gen1,6b70ceab1c94ea0b,train_g2,0.24007,12338
2026-07-19T23:00:37+00:00,g2_gen1,939467f9f81ff9b2,train_g2,-0.9471,12337
2026-07-19T23:00:39+00:00,g2_gen1,1a5af41a9cf78e39,train_g2,-0.911857,12348
2026-07-19T23:00:43+00:00,g2_gen1,ba0a79e4d43deef7,train_g2,-1.116899,7063
2026-07-19T23:00:45+00:00,g2_gen1,a8cc57aed7fdf471,train_g2,-3.402142,12358
2026-07-19T23:01:21+00:00,g2_gen1,860f4fa2a4d142bb,train_g2,-7.360425,12308
2026-07-19T23:01:26+00:00,g2_gen1,6578581e4e2e1f8a,train_g2,-1.158229,12299
2026-07-19T23:01:35+00:00,g2_gen1,bacf6342b1c23d24,train_g2,-0.948282,6676
2026-07-19T23:01:43+00:00,g2_gen1,11ee97c55c80c4f3,train_g2,-0.31821,12345
2026-07-19T23:01:47+00:00,g2_gen1,6831dcc385797e1e,train_g2,-4.884892,12093
2026-07-19T23:01:55+00:00,g2_gen1,505deb3f8195edbb,train_g2,-4.677734,12350
2026-07-19T23:01:58+00:00,g2_gen1,55a9e37fb1eff2f5,train_g2,-0.742216,12298
2026-07-19T23:02:00+00:00,g2_gen1,cbdbca6d21fa17c4,train_g2,-4.208833,12050
2026-07-19T23:02:06+00:00,g2_gen1,a5015f65718b9899,train_g2,-4.886418,2575
2026-07-19T23:02:08+00:00,g2_gen1,b2d19534f5082f1e,train_g2,-5.700443,9566
2026-07-19T23:02:11+00:00,g2_gen1,c14d253beca71d3e,train_g2,0.5167,12328
2026-07-19T23:02:14+00:00,g2_gen1,d7e44cfbe1519090,train_g2,-0.806175,12268
2026-07-19T23:02:17+00:00,g2_gen1,defd71041d459d91,train_g2,-1.584203,12332
2026-07-19T23:02:28+00:00,g2_gen1,0860f533110fce87,train_g2,-3.050578,12353
2026-07-19T23:02:34+00:00,g2_gen1,00906ed545646bc5,train_g2,-3.149925,314
2026-07-19T23:02:55+00:00,g2_gen1,36c111fed9dd8124,train_g2,-6.815662,12183
2026-07-19T23:02:57+00:00,g2_gen1,4bf772382caad595,train_g2,-0.92334,12349
2026-07-19T23:02:59+00:00,g2_gen1,a8cc57aed7fdf471,train_g2,-6.312907,12358
2026-07-19T23:03:01+00:00,g2_gen1,939467f9f81ff9b2,train_g2,-7.542344,12337
2026-07-19T23:03:04+00:00,g2_gen1,cfcb4fbed60ae9f4,train_g2,0.659947,12323
2026-07-19T23:03:06+00:00,g2_gen1,cc6e7208203d01e4,train_g2,-9.126712,5270
2026-07-19T23:03:12+00:00,g2_gen2,0889519814c01862,train_g2,-5.750865,12358
2026-07-19T23:03:15+00:00,g2_gen2,a1c69437d501695e,train_g2,-3.41077,12328
2026-07-19T23:03:17+00:00,g2_gen2,6d13b18575d50c09,train_g2,-3.788223,12352
2026-07-19T23:03:20+00:00,g2_gen2,483bd7c71430bfca,train_g2,-4.78841,12317
2026-07-19T23:03:23+00:00,g2_gen2,b02efba0561432ab,train_g2,-0.412143,12308
2026-07-19T23:03:25+00:00,g2_gen2,a1857fb3469c5cee,train_g2,-1.175417,12296
2026-07-19T23:03:28+00:00,g2_gen2,34f578f38b22af69,train_g2,-0.618572,12327
2026-07-19T23:03:31+00:00,g2_gen2,aab65094b77c3de3,train_g2,0.711684,12309
2026-07-19T23:03:33+00:00,g2_gen2,c91a5d44fd85bd85,train_g2,0.601763,12338
2026-07-19T23:03:36+00:00,g2_gen2,d6124c3190385c3c,train_g2,-0.058385,12329
2026-07-19T23:03:40+00:00,g2_gen2,61f26f5b7f131b85,train_g2,-1.472891,12266
2026-07-19T23:03:43+00:00,g2_gen2,e793c46e7113bde7,train_g2,-0.952748,12350
2026-07-19T23:03:46+00:00,g2_gen2,09c5e5cbd84b0bbc,train_g2,-2.934609,12345
2026-07-19T23:03:48+00:00,g2_gen2,dda3c994256d98b5,train_g2,-4.818751,12285
2026-07-19T23:03:50+00:00,g2_gen2,0889519814c01862,train_g2,-2.763419,12358
2026-07-19T23:03:52+00:00,g2_gen2,3e3882cd3dcccaa5,train_g2,-2.934781,12346
2026-07-19T23:03:54+00:00,g2_gen2,c91a5d44fd85bd85,train_g2,-2.992284,12338
2026-07-19T23:03:57+00:00,g2_gen2,107a63d657dd06c6,train_g2,-2.781469,8013
2026-07-19T23:04:00+00:00,g2_gen2,a1c69437d501695e,train_g2,-1.54406,12328
2026-07-19T23:04:01+00:00,g2_gen2,de900623bdca08bb,train_g2,-1.948402,12340
2026-07-19T23:04:03+00:00,g2_gen2,aab65094b77c3de3,train_g2,-1.950351,12309
2026-07-19T23:04:06+00:00,g2_gen2,fb457e24fa5fbc3c,train_g2,-0.187122,12324
2026-07-19T23:04:09+00:00,g2_gen2,09c5e5cbd84b0bbc,train_g2,-1.753189,12345
2026-07-19T23:04:11+00:00,g2_gen2,47e0da3151292430,train_g2,-5.902312,6175
2026-07-19T23:04:13+00:00,g2_gen2,a1c69437d501695e,train_g2,-0.27176,12328
2026-07-19T23:04:15+00:00,g2_gen2,b174d37c530662b5,train_g2,0.529769,12326
2026-07-19T23:04:17+00:00,g2_gen2,1e0555ad82e5a5f5,train_g2,0.382449,12354
2026-07-19T23:04:20+00:00,g2_gen2,2964fed14bc58155,train_g2,-1.741236,12332
2026-07-19T23:04:22+00:00,g2_gen2,a62e2cc4e96b462e,train_g2,-7.057456,12297
2026-07-19T23:04:24+00:00,g2_gen2,aab65094b77c3de3,train_g2,0.261906,12309
2026-07-19T23:04:28+00:00,g2_gen2,d2442bda04e503d3,train_g2,-6.325028,12267
2026-07-19T23:04:30+00:00,g2_gen2,cd6810ae31a4dd89,train_g2,-4.040908,4600
2026-07-19T23:04:32+00:00,g2_gen2,a1c69437d501695e,train_g2,-0.730883,12328
2026-07-19T23:04:34+00:00,g2_gen2,cc5704b4a5c43b9a,train_g2,-0.539222,12310
2026-07-19T23:04:36+00:00,g2_gen2,6a8da3750be04e30,train_g2,-2.838366,117
2026-07-19T23:04:39+00:00,g2_gen2,d2442bda04e503d3,train_g2,-0.666841,12267
2026-07-19T23:04:41+00:00,g2_gen2,a1c69437d501695e,train_g2,-0.54713,12328
2026-07-19T23:04:44+00:00,g2_gen2,c91a5d44fd85bd85,train_g2,-1.850297,12338
2026-07-19T23:04:46+00:00,g2_gen2,de06129c493f252f,train_g2,nan,0
2026-07-19T23:04:49+00:00,g2_gen2,fb457e24fa5fbc3c,train_g2,-0.165246,12324
2026-07-19T23:04:53+00:00,g2_gen2,a1857fb3469c5cee,train_g2,-7.841686,12296
2026-07-19T23:04:56+00:00,g2_gen2,6d13b18575d50c09,train_g2,-7.93226,12352
2026-07-19T23:04:58+00:00,g2_gen2,7eb0dae0094aab16,train_g2,-0.22119,11727
2026-07-19T23:05:02+00:00,g2_gen2,a0ab55930ea0377f,train_g2,-0.197662,12349
2026-07-19T23:05:04+00:00,g2_gen2,de06129c493f252f,train_g2,nan,0
2026-07-19T23:05:08+00:00,g2_gen2,700ac60726bf9f81,train_g2,-3.246783,12293
2026-07-19T23:05:11+00:00,g2_gen2,34f578f38b22af69,train_g2,-0.156518,12327
2026-07-19T23:05:13+00:00,g2_gen2,aab65094b77c3de3,train_g2,0.696549,12309
2026-07-19T23:05:17+00:00,g2_gen2,d2442bda04e503d3,train_g2,-0.430671,12267
2026-07-19T23:05:23+00:00,g2_gen2,1e0555ad82e5a5f5,train_g2,0.588467,12354
2026-07-19T23:05:28+00:00,g2_gen2,a1857fb3469c5cee,train_g2,-7.496029,12296
2026-07-19T23:05:33+00:00,g2_gen2,a1c69437d501695e,train_g2,0.588282,12328
2026-07-19T23:05:39+00:00,g2_gen2,c9d524719a1d3bb5,train_g2,-4.658474,10743
2026-07-19T23:05:46+00:00,g2_gen2,a1c69437d501695e,train_g2,-0.153667,12328
2026-07-19T23:05:49+00:00,g2_gen2,0889519814c01862,train_g2,-4.88496,12358
2026-07-19T23:05:52+00:00,g2_gen2,aab65094b77c3de3,train_g2,-0.889595,12309
2026-07-19T23:06:03+00:00,g2_gen2,61f26f5b7f131b85,train_g2,-0.824964,12266
2026-07-19T23:06:06+00:00,g2_gen2,b05aa90aeadadfda,train_g2,-0.463875,8882
2026-07-19T23:06:10+00:00,g2_gen2,6591b69290bec53c,train_g2,-0.073995,12320
2026-07-19T23:06:12+00:00,g2_gen2,1e0555ad82e5a5f5,train_g2,0.463123,12354
2026-07-19T23:06:14+00:00,g2_gen2,de06129c493f252f,train_g2,nan,0
2026-07-19T23:06:18+00:00,g2_gen2,de06129c493f252f,train_g2,nan,0
2026-07-19T23:06:20+00:00,g2_gen2,34f578f38b22af69,train_g2,0.480222,12327
2026-07-19T23:06:22+00:00,g2_gen2,d6124c3190385c3c,train_g2,-0.415273,12329
2026-07-19T23:06:25+00:00,g2_gen2,aab65094b77c3de3,train_g2,-0.980789,12309
2026-07-19T23:06:27+00:00,g2_gen3,d66087fd247d75f1,train_g2,0.508972,12299
2026-07-19T23:06:29+00:00,g2_gen3,61893effe180ba40,train_g2,-1.49667,12309
2026-07-19T23:06:32+00:00,g2_gen3,3bc129c581fad876,train_g2,0.601083,12308
2026-07-19T23:06:34+00:00,g2_gen3,e325c7483f26ce74,train_g2,-4.293573,12353
2026-07-19T23:06:36+00:00,g2_gen3,2df2ce125b770a8f,train_g2,-1.11799,12334
2026-07-19T23:06:40+00:00,g2_gen3,3920e7a5bc1edabc,train_g2,-0.651895,12345
2026-07-19T23:06:42+00:00,g2_gen3,168d5fc649c5bbbd,train_g2,0.633633,12328
2026-07-19T23:06:44+00:00,g2_gen3,b676ba71eee67461,train_g2,nan,10
2026-07-19T23:06:47+00:00,g2_gen3,df18059aeda0485e,train_g2,-0.694927,12322
2026-07-19T23:06:49+00:00,g2_gen3,22ff0b5a43b54eab,train_g2,-2.330035,12338
2026-07-19T23:06:51+00:00,g2_gen3,8a0d4c5c15fa00b1,train_g2,0.498621,12297
2026-07-19T23:06:53+00:00,g2_gen3,e7301e0f6b0bd223,train_g2,-1.786192,12358
2026-07-19T23:06:55+00:00,g2_gen3,3bc129c581fad876,train_g2,0.655633,12308
2026-07-19T23:06:57+00:00,g2_gen3,61893effe180ba40,train_g2,-0.382384,12309
2026-07-19T23:06:59+00:00,g2_gen3,ae0f0ff91321f2a2,train_g2,-6.274383,10713
2026-07-19T23:07:02+00:00,g2_gen3,bf5d703d367df6a6,train_g2,0.654408,12320
2026-07-19T23:07:04+00:00,g2_gen3,61893effe180ba40,train_g2,-0.94105,12309
2026-07-19T23:07:06+00:00,g2_gen3,61893effe180ba40,train_g2,0.67997,12309
2026-07-19T23:07:10+00:00,g2_gen3,9e907d2a8c86f49d,train_g2,-8.147172,12350
2026-07-19T23:07:12+00:00,g2_gen3,065ee4ea57c4a3d0,train_g2,0.04336,11964
2026-07-19T23:07:14+00:00,g2_gen3,978dbddef5f9b01f,train_g2,-8.086197,6183
2026-07-19T23:07:18+00:00,g2_gen3,3367175fa11b2816,train_g2,-5.32597,12262
2026-07-19T23:07:20+00:00,g2_gen3,22f1e3119b10cbd9,train_g2,-5.051375,12291
2026-07-19T23:07:23+00:00,g2_gen3,3bc129c581fad876,train_g2,0.601083,12308
2026-07-19T23:07:25+00:00,g2_gen3,5d93d93e9342cbf4,train_g2,nan,0
2026-07-19T23:07:28+00:00,g2_gen3,fec5fdeebf906d8b,train_g2,-1.04512,12324
2026-07-19T23:07:30+00:00,g2_gen3,cf2b2b2163c096be,train_g2,-6.980984,12292
2026-07-19T23:07:34+00:00,g2_gen3,693945300c39c1ed,train_g2,-2.986094,12296
2026-07-19T23:07:36+00:00,g2_gen3,e7301e0f6b0bd223,train_g2,-2.942851,12358
2026-07-19T23:07:40+00:00,g2_gen3,3ede4225219ef7b0,train_g2,-2.328519,6086
2026-07-19T23:07:42+00:00,g2_gen3,4b7e72d80892ec60,train_g2,-1.425552,12342
2026-07-19T23:07:45+00:00,g2_gen3,4367db871aef8c89,train_g2,-4.771533,12087
2026-07-19T23:07:47+00:00,g2_gen3,a5f97972c6e9826c,train_g2,-0.119607,8687
2026-07-19T23:07:49+00:00,g2_gen3,da297b77d18d169e,train_g2,-0.656601,12327
2026-07-19T23:07:52+00:00,g2_gen3,5fccf2d4d992932d,train_g2,-0.234142,12312
2026-07-19T23:07:54+00:00,g2_gen3,168d5fc649c5bbbd,train_g2,-0.457814,12328
2026-07-19T23:07:57+00:00,g2_gen3,61893effe180ba40,train_g2,0.616703,12309
2026-07-19T23:07:59+00:00,g2_gen3,3bc129c581fad876,train_g2,0.628742,12308
2026-07-19T23:08:03+00:00,g2_gen3,c9ff8dab2756715a,train_g2,-4.736287,2143
2026-07-19T23:08:05+00:00,g2_gen3,b639049decf12836,train_g2,-4.912607,12359
2026-07-19T23:08:09+00:00,g2_gen3,7ba4e3e2bf811ff9,train_g2,-4.083296,1552
2026-07-19T23:08:12+00:00,g2_gen3,2a9dbc1491357577,train_g2,-5.288479,8149
2026-07-19T23:08:17+00:00,g2_gen3,9038858168141473,train_g2,-4.066309,12258
2026-07-19T23:08:19+00:00,g2_gen3,dc265e055c38a0fa,train_g2,0.55286,12307
2026-07-19T23:08:21+00:00,g2_gen3,3b6ebfd73e26b39e,train_g2,-0.38428,12339
2026-07-19T23:08:25+00:00,g2_gen3,968c80664fe94863,train_g2,-5.441033,11791
2026-07-19T23:08:27+00:00,g2_gen3,2d316441a10e8f09,train_g2,0.617384,12323
2026-07-19T23:08:29+00:00,g2_gen3,e2cc629bbb92015f,train_g2,-3.024658,1864
2026-07-19T23:08:31+00:00,g2_gen3,929a6b702243d330,train_g2,-0.165167,12354
2026-07-19T23:08:34+00:00,g2_gen3,5d93d93e9342cbf4,train_g2,nan,0
2026-07-19T23:08:36+00:00,g2_gen3,2274be7219048ff3,train_g2,0.408983,11718
2026-07-19T23:08:39+00:00,g2_gen3,6b7ef9a02f97326f,train_g2,-4.019781,12348
2026-07-19T23:08:42+00:00,g2_gen3,0e5569820cc2c670,train_g2,-6.677959,10247
2026-07-19T23:08:45+00:00,g2_gen3,dc265e055c38a0fa,train_g2,0.624708,12307
2026-07-19T23:08:48+00:00,g2_gen3,61893effe180ba40,train_g2,-0.383188,12309
2026-07-19T23:08:50+00:00,g2_gen3,e7301e0f6b0bd223,train_g2,-2.787147,12358
2026-07-19T23:08:52+00:00,g2_gen3,da297b77d18d169e,train_g2,0.549732,12327
2026-07-19T23:08:59+00:00,g2_gen3,25f1f56092349bea,train_g2,-6.161139,12177
2026-07-19T23:09:01+00:00,g2_gen4,61f39496d313dbd5,train_g2,-3.061033,12307
2026-07-19T23:09:05+00:00,g2_gen4,1a77cc92eb1da88f,train_g2,-5.486823,4109
2026-07-19T23:09:07+00:00,g2_gen4,fe4335a35832e33d,train_g2,-2.505007,12277
2026-07-19T23:09:11+00:00,g2_gen4,677e0f09cf103a90,train_g2,-0.024047,11960
2026-07-19T23:09:13+00:00,g2_gen4,f93abe7a88177495,train_g2,-4.069139,12262
2026-07-19T23:09:16+00:00,g2_gen4,385bb8405955a06b,train_g2,-2.892658,12355
2026-07-19T23:09:18+00:00,g2_gen4,9b5b58189fc21d73,train_g2,0.508972,12299
2026-07-19T23:09:21+00:00,g2_gen4,61f39496d313dbd5,train_g2,0.55286,12307
2026-07-19T23:09:25+00:00,g2_gen4,9787b5d965207877,train_g2,0.463949,12309
2026-07-19T23:09:27+00:00,g2_gen4,ac8c44d90829280e,train_g2,0.637322,12327
2026-07-19T23:09:30+00:00,g2_gen4,e8ed66766d75d3e1,train_g2,nan,0
2026-07-19T23:09:33+00:00,g2_gen4,9787b5d965207877,train_g2,-0.079182,12309
2026-07-19T23:09:36+00:00,g2_gen4,ed79602a62e5299c,train_g2,0.003635,12267
2026-07-19T23:09:40+00:00,g2_gen4,b45c9607857f7075,train_g2,-5.381088,12336
2026-07-19T23:09:44+00:00,g2_gen4,81f9410785678742,train_g2,-5.353127,12286
2026-07-19T23:09:47+00:00,g2_gen4,1c9651f4672d3d3b,train_g2,-2.021249,12258
2026-07-19T23:09:49+00:00,g2_gen4,9787b5d965207877,train_g2,-0.916639,12309
2026-07-19T23:09:53+00:00,g2_gen4,1fe01f31e17405c6,train_g2,0.504274,12297
2026-07-19T23:09:56+00:00,g2_gen4,e215fdcda1b1df9a,train_g2,-0.305036,12266
2026-07-19T23:10:02+00:00,g2_gen4,d7fcde0a188f2713,train_g2,0.4394,12324
2026-07-19T23:10:05+00:00,g2_gen4,1fe01f31e17405c6,train_g2,-0.45699,12297
2026-07-19T23:10:08+00:00,g2_gen4,1795a4cfcb66f299,train_g2,nan,1
2026-07-19T23:10:11+00:00,g2_gen4,e8ed66766d75d3e1,train_g2,nan,0
2026-07-19T23:10:14+00:00,g2_gen4,4485a446417e168a,train_g2,0.54722,12237
2026-07-19T23:10:17+00:00,g2_gen4,1fe01f31e17405c6,train_g2,-6.571239,12297
2026-07-19T23:10:20+00:00,g2_gen4,4fbd5ad7de4a0ad8,train_g2,-2.900091,12331
2026-07-19T23:10:23+00:00,g2_gen4,61f39496d313dbd5,train_g2,-0.686544,12307
2026-07-19T23:10:28+00:00,g2_gen4,e25a3431367b49e2,train_g2,-7.536768,12058
2026-07-19T23:10:30+00:00,g2_gen4,e8ed66766d75d3e1,train_g2,nan,0
2026-07-19T23:10:33+00:00,g2_gen4,bbb3e83837595d8b,train_g2,-7.010725,11742
2026-07-19T23:10:37+00:00,g2_gen4,b8d272911e3fabf3,train_g2,-0.666199,12306
2026-07-19T23:10:40+00:00,g2_gen4,078c4f562d421952,train_g2,0.478492,12329
2026-07-19T23:10:43+00:00,g2_gen4,2a8b6b03aae036b6,train_g2,-8.430445,12246
2026-07-19T23:10:46+00:00,g2_gen4,9787b5d965207877,train_g2,0.572758,12309
2026-07-19T23:10:49+00:00,g2_gen4,063ba6c798818f9d,train_g2,-7.771356,10491
2026-07-19T23:10:52+00:00,g2_gen4,ed8937cfba014409,train_g2,-6.685132,12356
2026-07-19T23:10:54+00:00,g2_gen4,9787b5d965207877,train_g2,-0.916639,12309
2026-07-19T23:10:57+00:00,g2_gen4,979502f7f4b6451b,train_g2,0.537939,12322
2026-07-19T23:10:59+00:00,g2_gen4,6d91472aa23d6d33,train_g2,-4.468076,1828
2026-07-19T23:11:02+00:00,g2_gen4,1fe01f31e17405c6,train_g2,-3.925564,12297
2026-07-19T23:11:04+00:00,g2_gen4,5fa2b25f6d070e60,train_g2,0.629848,12328
2026-07-19T23:11:06+00:00,g2_gen4,e8ed66766d75d3e1,train_g2,nan,0
2026-07-19T23:11:09+00:00,g2_gen4,53dd3d8709e9415c,train_g2,0.454004,12298
2026-07-19T23:11:12+00:00,g2_gen4,53dd3d8709e9415c,train_g2,0.478413,12298
2026-07-19T23:11:14+00:00,g2_gen4,ca25e8cd26fa9a13,train_g2,-1.227748,12345
2026-07-19T23:11:17+00:00,g2_gen4,9787b5d965207877,train_g2,0.689285,12309
2026-07-19T23:11:20+00:00,g2_gen4,385bb8405955a06b,train_g2,-6.465451,12355
2026-07-19T23:11:22+00:00,g2_gen4,b45c9607857f7075,train_g2,-3.957267,12336
2026-07-19T23:11:25+00:00,g2_gen4,e8ed66766d75d3e1,train_g2,nan,0
2026-07-19T23:11:27+00:00,g2_gen5,13d04a321da71084,train_g2,-0.589974,12261
2026-07-19T23:11:30+00:00,g2_gen5,77567d2fb2a863be,train_g2,0.508972,12299
2026-07-19T23:11:32+00:00,g2_gen5,937fb40ad0ccf01c,train_g2,nan,0
2026-07-19T23:11:34+00:00,g2_gen5,0b9b597be50bd968,train_g2,0.680063,12307
2026-07-19T23:11:36+00:00,g2_gen5,db1af5edc6b1d89a,train_g2,-1.702833,12302
2026-07-19T23:11:39+00:00,g2_gen5,4a2c24057c113248,train_g2,-5.878891,12338
2026-07-19T23:11:41+00:00,g2_gen5,358b8b26346d60e1,train_g2,-0.810841,12267
2026-07-19T23:11:43+00:00,g2_gen5,f2a122b7868ee00c,train_g2,0.6543,12304
2026-07-19T23:11:45+00:00,g2_gen5,77567d2fb2a863be,train_g2,0.279878,12299
2026-07-19T23:11:48+00:00,g2_gen5,937fb40ad0ccf01c,train_g2,nan,0
2026-07-19T23:11:51+00:00,g2_gen5,0b9b597be50bd968,train_g2,-0.96882,12307
2026-07-19T23:11:53+00:00,g2_gen5,dc9dc4667508eadc,train_g2,0.606752,12324
2026-07-19T23:11:56+00:00,g2_gen5,657ea891213530c5,train_g2,0.711684,12309
2026-07-19T23:11:58+00:00,g2_gen5,db9a2cebd02c93f4,train_g2,nan,1
2026-07-19T23:12:00+00:00,g2_gen5,16cb208869c65179,train_g2,-7.020374,12297
2026-07-19T23:12:02+00:00,g2_gen5,03b50bf474b72a01,train_g2,-5.254192,12345
2026-07-19T23:12:05+00:00,g2_gen5,52095fb0974b2f73,train_g2,-0.547862,12308
2026-07-19T23:12:07+00:00,g2_gen5,657ea891213530c5,train_g2,0.467542,12309
2026-07-19T23:12:09+00:00,g2_gen5,2aec5e91a60cfb41,train_g2,-0.22119,11727
2026-07-19T23:12:11+00:00,g2_gen5,0b9b597be50bd968,train_g2,-1.439777,12307
2026-07-19T23:12:14+00:00,g2_gen5,358b8b26346d60e1,train_g2,0.539242,12267
2026-07-19T23:12:17+00:00,g2_gen5,41d82f11a1f55461,train_g2,-0.251526,12298
2026-07-19T23:12:19+00:00,g2_gen5,fc86f8032bfe9fe1,train_g2,-1.931926,12344
2026-07-19T23:12:23+00:00,g2_gen5,c7b633a09e7dde97,train_g2,-4.737037,2800
2026-07-19T23:12:27+00:00,g2_gen5,94f6d178651b6c3e,train_g2,-0.260285,12258
2026-07-19T23:12:29+00:00,g2_gen5,41d82f11a1f55461,train_g2,0.478413,12298
2026-07-19T23:12:32+00:00,g2_gen5,52095fb0974b2f73,train_g2,0.571177,12308
2026-07-19T23:12:34+00:00,g2_gen5,03b50bf474b72a01,train_g2,-1.472568,12345
2026-07-19T23:12:39+00:00,g2_gen5,e9d956ed11eebcda,train_g2,-4.846238,12277
2026-07-19T23:14:02+00:00,g2_gen5,29becf01c56b4a94,train_g2,-4.717182,11888
2026-07-19T23:14:10+00:00,g2_gen5,b3015de15ad98dfe,train_g2,-7.865382,9298
2026-07-19T23:14:13+00:00,g2_gen5,937fb40ad0ccf01c,train_g2,nan,0
2026-07-19T23:14:19+00:00,g2_gen5,c46cda2b7e63e87f,train_g2,-8.037904,12329
2026-07-19T23:14:22+00:00,g2_gen5,5dd75841caf9a9bc,train_g2,-4.086083,12356
2026-07-19T23:14:25+00:00,g2_gen5,4a2c24057c113248,train_g2,-6.910362,12338
2026-07-19T23:14:31+00:00,g2_gen5,fe5f4c10ed08f91b,train_g2,-4.881677,12354
2026-07-19T23:14:34+00:00,g2_gen5,52095fb0974b2f73,train_g2,0.655633,12308
2026-07-19T23:14:39+00:00,g2_gen5,358b8b26346d60e1,train_g2,-0.483856,12267
2026-07-19T23:14:43+00:00,g2_gen6,8e666e85d89ff50d,train_g2,0.076914,12328
2026-07-19T23:14:45+00:00,g2_gen6,2f428606100a015a,train_g2,-0.762626,11716
2026-07-19T23:14:47+00:00,g2_gen6,80e7c37e9d86503d,train_g2,-4.784287,12176
2026-07-19T23:14:52+00:00,g2_gen6,b1904fa0cf2c4dc7,train_g2,-0.68567,12266
2026-07-19T23:14:54+00:00,g2_gen6,3e64ad20fddb5bf3,train_g2,0.568648,12309
2026-07-19T23:14:57+00:00,g2_gen6,d137735b20917e56,train_g2,-1.611303,12288
2026-07-19T23:14:59+00:00,g2_gen6,9f3fe4b5f24ad1f6,train_g2,0.640136,12327
2026-07-19T23:15:03+00:00,g2_gen6,1af55c30c0f8b187,train_g2,-6.321982,12329
2026-07-19T23:15:06+00:00,g2_gen6,8e666e85d89ff50d,train_g2,0.583759,12328
2026-07-19T23:15:08+00:00,g2_gen6,3e64ad20fddb5bf3,train_g2,0.499479,12309
2026-07-19T23:15:20+00:00,g2_gen6,d137735b20917e56,train_g2,-3.9028,12288
2026-07-19T23:15:23+00:00,g2_gen6,6252ae8d936ba236,train_g2,-4.966515,12233
2026-07-19T23:15:27+00:00,g2_gen6,b6daafedc090f3b8,train_g2,-6.603827,10166
2026-07-19T23:15:29+00:00,g2_gen6,9c7be2430b0364fe,train_g2,-7.543354,12308
2026-07-19T23:15:31+00:00,g2_gen6,baa3744fdb2df718,train_g2,nan,0
2026-07-19T23:15:33+00:00,g2_gen6,049219b299a94709,train_g2,-7.33668,12341
2026-07-19T23:15:38+00:00,g2_gen6,223507b3bae90516,train_g2,-0.986577,12319
2026-07-19T23:15:40+00:00,g2_gen6,4a3a053e1e22d470,train_g2,-6.056778,12343
2026-07-19T23:15:43+00:00,g2_gen6,06e5d468e92bc87f,train_g2,0.551552,12265
2026-07-19T23:15:46+00:00,g2_gen6,94026e691763a051,train_g2,0.618517,12298
2026-07-19T23:15:48+00:00,g2_gen6,1031a564a5a4cd19,train_g2,-1.80493,12297
2026-07-19T23:15:51+00:00,g2_gen6,5e615105d266d86d,train_g2,-0.300263,12257
2026-07-19T23:15:54+00:00,g2_gen6,6808931fa633a7e9,train_g2,0.701988,12307
2026-07-19T23:15:56+00:00,g2_gen6,bdbc835758f8e41f,train_g2,-3.367764,12335
2026-07-19T23:15:59+00:00,g2_gen6,265a0db17d01e1d2,train_g2,-7.059293,9720
2026-07-19T23:16:01+00:00,g2_gen6,3e64ad20fddb5bf3,train_g2,-0.45436,12309
2026-07-19T23:16:04+00:00,g2_gen6,c6225982749a7dad,train_g2,0.515537,12267
2026-07-19T23:16:07+00:00,g2_gen6,6808931fa633a7e9,train_g2,0.594916,12307
2026-07-19T23:16:10+00:00,g2_gen6,1af55c30c0f8b187,train_g2,-1.703386,12329
2026-07-19T23:16:13+00:00,g2_gen6,e1ceb9b5cab90bb2,train_g2,-1.050697,12331
2026-07-19T23:16:16+00:00,g2_gen6,0d5a5bac3fab9c48,train_g2,-3.036832,10661
2026-07-19T23:16:19+00:00,g2_gen6,223507b3bae90516,train_g2,-0.447145,12319
2026-07-19T23:16:21+00:00,g2_gen6,b155f7a8f5a56c21,train_g2,-6.15486,12337
2026-07-19T23:16:23+00:00,g2_gen6,dbc5b10158b46111,train_g2,-0.29758,11730
2026-07-19T23:16:26+00:00,g2_gen6,c6225982749a7dad,train_g2,-0.237459,12267
2026-07-19T23:16:29+00:00,g2_gen6,8e666e85d89ff50d,train_g2,0.298252,12328
2026-07-19T23:16:33+00:00,g2_gen6,ccb8e1a6b5efef9c,train_g2,-8.642409,12347
2026-07-19T23:16:35+00:00,g2_gen6,1af55c30c0f8b187,train_g2,0.602988,12329
2026-07-19T23:16:39+00:00,g2_gen6,6808931fa633a7e9,train_g2,0.431822,12307
2026-07-19T23:16:42+00:00,g2_gen6,8e666e85d89ff50d,train_g2,-0.075813,12328
2026-07-19T23:16:45+00:00,g2_gen6,0622333b863dea69,train_g2,-4.639374,11895
2026-07-19T23:16:47+00:00,g2_gen7,c94391b14fb4b4bc,train_g2,0.670227,12297
2026-07-19T23:16:50+00:00,g2_gen7,f13ad6dc6b837b7e,train_g2,0.497692,12262
2026-07-19T23:16:53+00:00,g2_gen7,faff6c1b29fc6ceb,train_g2,-1.32027,12331
2026-07-19T23:16:56+00:00,g2_gen7,626586519fda4a43,train_g2,-0.467622,12263
2026-07-19T23:16:59+00:00,g2_gen7,2aeb76116c961912,train_g2,-2.095512,12295
2026-07-19T23:17:01+00:00,g2_gen7,3f1e4da1d9636422,train_g2,nan,0
2026-07-19T23:17:04+00:00,g2_gen7,aef0d8c98ce08c76,train_g2,-3.088257,12338
2026-07-19T23:17:07+00:00,g2_gen7,d06b397de89b09c1,train_g2,0.54181,12319
2026-07-19T23:17:13+00:00,g2_gen7,3f1e4da1d9636422,train_g2,nan,0
2026-07-19T23:17:17+00:00,g2_gen7,296032a28271c044,train_g2,-5.252861,12316
2026-07-19T23:17:20+00:00,g2_gen7,92892f14c366c63f,train_g2,-6.042702,12354
2026-07-19T23:17:22+00:00,g2_gen7,866b354daa827857,train_g2,-0.723368,12324
2026-07-19T23:17:25+00:00,g2_gen7,379d50dcb91856b9,train_g2,-8.447128,10247
2026-07-19T23:17:30+00:00,g2_gen7,d0c6c6c9bfc2b5dd,train_g2,-1.76155,12350
2026-07-19T23:17:33+00:00,g2_gen7,07b89b37395054f4,train_g2,-4.510687,12093
2026-07-19T23:17:36+00:00,g2_gen7,67b060b1d7f6a77e,train_g2,-0.765725,11701
2026-07-19T23:17:39+00:00,g2_gen7,f47ac68d34f6bcd7,train_g2,-1.105168,9304
2026-07-19T23:17:41+00:00,g2_gen7,d774d0efbee16e8e,train_g2,0.31403,12267
2026-07-19T23:17:44+00:00,g2_gen7,c94391b14fb4b4bc,train_g2,-6.472212,12297
2026-07-19T23:17:47+00:00,g2_gen7,49acab170429716a,train_g2,0.649816,12309
2026-07-19T23:17:49+00:00,g2_gen7,866b354daa827857,train_g2,0.61454,12324
2026-07-19T23:17:53+00:00,g2_gen7,992c76230f44015e,train_g2,-0.759255,12322
2026-07-19T23:17:57+00:00,g2_gen7,626586519fda4a43,train_g2,-0.804037,12263
2026-07-19T23:18:00+00:00,g2_gen7,c1268cf0518e028a,train_g2,0.589773,12300
2026-07-19T23:18:02+00:00,g2_gen7,e74afcc71bd4ac8e,train_g2,0.603366,12308
2026-07-19T23:18:05+00:00,g2_gen7,d82773d2008b8b80,train_g2,0.520779,12328
2026-07-19T23:18:08+00:00,g2_gen7,3f1e4da1d9636422,train_g2,nan,0
2026-07-19T23:18:11+00:00,g2_gen7,dfc3e9726462c459,train_g2,-0.948287,12301
2026-07-19T23:18:13+00:00,g2_gen7,3295506ecfe7f5d3,train_g2,0.374618,12298
2026-07-19T23:18:16+00:00,g2_gen7,a9f3017d6eae4808,train_g2,-0.636232,12323
2026-07-19T23:18:18+00:00,g2_gen7,c94391b14fb4b4bc,train_g2,-6.852335,12297
2026-07-19T23:18:21+00:00,g2_gen7,5fbf3383987f3265,train_g2,-0.323524,12320
2026-07-19T23:18:24+00:00,g2_gen7,d8e674dae035e64f,train_g2,0.504798,12299
2026-07-19T23:47:45+00:00,B002,a34faaa5900ce904,train_val,0.507207,13616
2026-07-19T23:47:48+00:00,B002,b8b3f4837f6e606f,val_cost25,-2.308846,13616
2026-07-19T23:47:52+00:00,B003,ff67a4330cab3843,train_val,-0.482077,12600
2026-07-19T23:47:55+00:00,B003,cc75e81b0aaf9ed0,val_cost25,-1.536546,12600
2026-07-19T23:48:09+00:00,C001,12d7c0981d25ec79,train_val,-0.098728,13473
2026-07-19T23:48:12+00:00,C001,127cfe695a850d11,val_cost25,-2.846607,13473
2026-07-19T23:49:16+00:00,C001_p_MIN_SPIKES_0.75,c46348c1c3f02057,val_perturb,-0.081895,13510
2026-07-19T23:49:24+00:00,C001_p_MIN_SPIKES_1.25,7a087641653b4cf2,val_perturb,-0.103526,13469
2026-07-19T23:49:30+00:00,C001_p_POST_DAYS_0.75,068bc43cde680c76,val_perturb,-0.093244,13474
2026-07-19T23:49:38+00:00,C001_p_POST_DAYS_1.25,d7f7a08a303b4dec,val_perturb,-0.080839,13472
2026-07-19T23:49:45+00:00,C001_p_SPIKE_Z_0.75,a8fce2b47bc1cb2f,val_perturb,-0.074857,13510
2026-07-19T23:49:51+00:00,C001_p_SPIKE_Z_1.25,0d1305f3aa1abec6,val_perturb,-0.061126,13449
2026-07-19T23:49:57+00:00,C001_p_WINDOW_0.75,7c7000b1f2566c52,val_perturb,-0.135824,13473
2026-07-19T23:50:04+00:00,C001_p_WINDOW_1.25,00f30ff117ea9ee7,val_perturb,-0.061824,13473
2026-07-19T23:50:15+00:00,C002,38e859051b3aa2bb,train_val,0.159613,5829
2026-07-19T23:50:18+00:00,C002,c39f3ba83758fa6b,val_cost25,-2.041516,5829
2026-07-19T23:50:26+00:00,C003,d7e61f3d220b6bb0,train_val,-1.168237,12920
2026-07-19T23:50:29+00:00,C003,fef9acbd9918beae,val_cost25,-2.858666,12920
2026-07-19T23:50:38+00:00,C003_p_EPISODE_Z_0.75,d961320d32a6f817,val_perturb,-0.629,13432
2026-07-19T23:50:46+00:00,C003_p_EPISODE_Z_1.25,f4a02d1fe992c9b3,val_perturb,-0.896679,11070
2026-07-19T23:50:54+00:00,C003_p_LOOKBACK_0.75,0dc1883b0c1ae790,val_perturb,-1.049594,12717
2026-07-19T23:51:03+00:00,C003_p_LOOKBACK_1.25,9ecce78dd90e37da,val_perturb,-1.016164,13048
2026-07-19T23:51:07+00:00,C004,6ab3c9c88d74781d,train_val,0.402396,13612
2026-07-19T23:51:10+00:00,C004,51fd04a3770f6117,val_cost25,-2.099474,13612
2026-07-19T23:51:15+00:00,C005,4a2170e0a6331023,train_val,-1.514347,13555
2026-07-19T23:51:17+00:00,C005,0dbe6efea28870ad,val_cost25,-6.447424,13555
2026-07-19T23:51:21+00:00,C006,8ba32faa488a7fc3,train_val,0.394353,13615
2026-07-19T23:51:24+00:00,C006,2cf9d4913457b44f,val_cost25,-2.145045,13615
2026-07-19T23:51:26+00:00,C007,1afdc3c79b7fc3eb,train_val,-2.292417,13609
2026-07-19T23:51:28+00:00,C007,e566da04101f457c,val_cost25,-6.358785,13609
2026-07-19T23:51:31+00:00,C007_p_BAND_LAG_0.75,03e469a4ffb9e380,val_perturb,-1.894007,13611
2026-07-19T23:51:34+00:00,C007_p_BAND_LAG_1.25,94804d305851f20d,val_perturb,-2.63426,13607
2026-07-19T23:51:36+00:00,C007_p_BAND_LEN_0.75,c0104e8e33d292ed,val_perturb,-4.113951,13610
2026-07-19T23:51:39+00:00,C007_p_BAND_LEN_1.25,287f241701b25614,val_perturb,-2.266691,13608
2026-07-19T23:51:43+00:00,C008,502d44855834ee8b,train_val,-2.094414,11120
2026-07-19T23:51:46+00:00,C008,2eb74ab5c7c5ee10,val_cost25,-5.023926,11120
2026-07-19T23:51:50+00:00,C008_p_SMOOTH_0.75,60c89c12d2337e94,val_perturb,-4.09197,10984
2026-07-19T23:51:54+00:00,C008_p_SMOOTH_1.25,9459583ee14c4b0a,val_perturb,-1.847138,11232
2026-07-19T23:51:57+00:00,C009,b423bcf5c2eb7d85,train_val,-4.573715,6286
2026-07-19T23:51:59+00:00,C009,565e53ae7d1017c9,val_cost25,-11.066533,6286
2026-07-19T23:52:04+00:00,C010,d1d2da509c3e8cdf,train_val,0.683965,13567
2026-07-19T23:52:06+00:00,C010,66f7ef4af8d50fee,val_cost25,0.501918,13567
2026-07-19T23:52:10+00:00,C011,a77483cda860dd7b,train_val,0.543599,13586
2026-07-19T23:52:13+00:00,C011,f95e4498e348d0c3,val_cost25,-0.722503,13586
2026-07-19T23:52:17+00:00,C012,d21eb963e7a9abf2,train_val,0.540747,13596
2026-07-19T23:52:19+00:00,C012,6073573d275e14d7,val_cost25,-0.734108,13596
2026-07-19T23:56:02+00:00,g2_gen0,02c56cda151b0f9c,train_g2_equities5,-2.550081,12297
2026-07-19T23:56:04+00:00,g2_gen0,02c56cda151b0f9c,train_g2_equities5,-2.874974,12297
2026-07-19T23:56:06+00:00,g2_gen0,f9b6a53ccdd5bfc9,train_g2_equities5,-1.460678,10863
2026-07-19T23:56:08+00:00,g2_gen0,f7e893ec846ab01b,train_g2_equities5,-4.533933,12358
2026-07-19T23:56:11+00:00,g2_gen0,2fdb343f878a6622,train_g2_equities5,nan,0
2026-07-19T23:56:13+00:00,g2_gen0,ce38a9bcabe276cb,train_g2_equities5,-2.553018,12356
2026-07-19T23:56:15+00:00,g2_gen0,09d51de5e3c83344,train_g2_equities5,-0.81264,12278
2026-07-19T23:56:19+00:00,g2_gen0,dd9e42b257451c42,train_g2_equities5,-4.456743,12349
2026-07-19T23:56:22+00:00,g2_gen0,02c56cda151b0f9c,train_g2_equities5,-2.888275,12297
2026-07-19T23:56:25+00:00,g2_gen0,f7e893ec846ab01b,train_g2_equities5,-4.608756,12358
2026-07-19T23:56:29+00:00,g2_gen0,2fdb343f878a6622,train_g2_equities5,nan,0
2026-07-19T23:56:34+00:00,g2_gen0,56d73b7ce7c54984,train_g2_equities5,0.50166,12267
2026-07-19T23:56:36+00:00,g2_gen0,02c56cda151b0f9c,train_g2_equities5,-0.741969,12297
2026-07-19T23:56:38+00:00,g2_gen0,c0bf7b49f4f204a0,train_g2_equities5,nan,10
2026-07-19T23:56:40+00:00,g2_gen0,b3f4b8c835bfbff6,train_g2_equities5,-3.067056,12354
2026-07-19T23:56:42+00:00,g2_gen0,2fdb343f878a6622,train_g2_equities5,nan,0
2026-07-19T23:56:45+00:00,g2_gen0,ef24c16757e79f87,train_g2_equities5,-2.890374,12343
2026-07-19T23:56:49+00:00,g2_gen0,02c56cda151b0f9c,train_g2_equities5,-0.467852,12297
2026-07-19T23:56:51+00:00,g2_gen0,f7b98123b20acb2c,train_g2_equities5,-2.555184,11521
2026-07-19T23:56:54+00:00,g2_gen0,2fdb343f878a6622,train_g2_equities5,nan,0
2026-07-19T23:56:58+00:00,g2_gen0,deb6168b3d4a5f76,train_g2_equities5,-1.055341,246
2026-07-19T23:57:01+00:00,g2_gen0,b45babc64931089b,train_g2_equities5,-5.348703,12352
2026-07-19T23:57:04+00:00,g2_gen0,9da75f74cad2ea42,train_g2_equities5,-3.885274,12346
2026-07-19T23:57:06+00:00,g2_gen0,9c1abcd8e60348bd,train_g2_equities5,0.003162,12338
2026-07-19T23:57:09+00:00,g2_gen0,02c56cda151b0f9c,train_g2_equities5,-2.692515,12297
2026-07-19T23:57:14+00:00,g2_gen0,2fdb343f878a6622,train_g2_equities5,nan,0
2026-07-19T23:57:17+00:00,g2_gen0,d86b2281825f5616,train_g2_equities5,-2.147753,12357
2026-07-19T23:57:19+00:00,g2_gen0,119c6008a0ad98bd,train_g2_equities5,0.661194,12324
2026-07-19T23:57:23+00:00,g2_gen0,263f1922dd8e9482,train_g2_equities5,-0.866509,12292
2026-07-19T23:57:25+00:00,g2_gen0,9c1abcd8e60348bd,train_g2_equities5,-1.654092,12338
2026-07-19T23:57:28+00:00,g2_gen0,f4293c113f7d3137,train_g2_equities5,-1.54596,12341
2026-07-19T23:57:34+00:00,g2_gen0,02c56cda151b0f9c,train_g2_equities5,-2.620855,12297
2026-07-19T23:57:37+00:00,g2_gen0,02c56cda151b0f9c,train_g2_equities5,-0.741969,12297
2026-07-19T23:57:39+00:00,g2_gen0,99d939d50c2d6c8b,train_g2_equities5,0.067645,12293
2026-07-19T23:57:42+00:00,g2_gen0,cfd869a99edf1619,train_g2_equities5,-2.661845,3573
2026-07-19T23:57:44+00:00,g2_gen0,cca3bf3a73f18d38,train_g2_equities5,-4.395935,12359
2026-07-19T23:57:47+00:00,g2_gen0,2fdb343f878a6622,train_g2_equities5,nan,0
2026-07-19T23:57:49+00:00,g2_gen0,f646a39fe0f61b62,train_g2_equities5,-4.173732,7880
2026-07-19T23:57:51+00:00,g2_gen0,1e0d3b63b2aaba2b,train_g2_equities5,-0.989789,12276
2026-07-19T23:57:55+00:00,g2_gen0,14f13acb234579ce,train_g2_equities5,-1.003649,12200
2026-07-19T23:57:58+00:00,g2_gen0,b3f4b8c835bfbff6,train_g2_equities5,-2.185586,12354
2026-07-19T23:58:00+00:00,g2_gen0,7dff7678c7ef9d84,train_g2_equities5,-0.12114,8006
2026-07-19T23:58:05+00:00,g2_gen0,910cc67266383de9,train_g2_equities5,-3.685789,12340
2026-07-19T23:58:07+00:00,g2_gen0,b3f4b8c835bfbff6,train_g2_equities5,1.087363,12354
2026-07-19T23:58:11+00:00,g2_gen0,e028c210638d1d62,train_g2_equities5,-1.417792,12335
2026-07-19T23:58:15+00:00,g2_gen0,2674ea8b93a8e54e,train_g2_equities5,-0.729862,12290
2026-07-19T23:58:17+00:00,g2_gen0,f7e893ec846ab01b,train_g2_equities5,0.662984,12358
2026-07-19T23:58:20+00:00,g2_gen0,b3f4b8c835bfbff6,train_g2_equities5,-1.297295,12354
2026-07-19T23:58:22+00:00,g2_gen0,46045a98562e5cfd,train_g2_equities5,0.258011,12313
2026-07-19T23:58:25+00:00,g2_gen0,2195f5acd4977b8c,train_g2_equities5,-4.167778,12337
2026-07-19T23:58:27+00:00,g2_gen0,81bccba55f8830ab,train_g2_equities5,-2.397973,12328
2026-07-19T23:58:30+00:00,g2_gen0,9c1abcd8e60348bd,train_g2_equities5,-3.55475,12338
2026-07-19T23:58:32+00:00,g2_gen0,2fdb343f878a6622,train_g2_equities5,nan,0
2026-07-19T23:58:34+00:00,g2_gen0,81bccba55f8830ab,train_g2_equities5,-0.647342,12328
2026-07-19T23:58:37+00:00,g2_gen0,02c56cda151b0f9c,train_g2_equities5,-2.325145,12297
2026-07-19T23:58:40+00:00,g2_gen0,93c88e39a1b3a5c9,train_g2_equities5,-1.708294,12345
2026-07-19T23:58:42+00:00,g2_gen0,6ed205d6aba62a41,train_g2_equities5,-1.88899,12288
2026-07-19T23:58:45+00:00,g2_gen0,aa6858c7fa0aeabc,train_g2_equities5,0.168115,6683
2026-07-19T23:58:47+00:00,g2_gen0,46045a98562e5cfd,train_g2_equities5,0.649427,12313
2026-07-19T23:58:49+00:00,g2_gen0,eaf59440fd3cb891,train_g2_equities5,-0.290849,12308
2026-07-19T23:58:52+00:00,g2_gen0,d327035e8eee3ac1,train_g2_equities5,-1.693708,11543
2026-07-19T23:58:55+00:00,g2_gen0,62b50ab53fa8a037,train_g2_equities5,-1.661969,12284
2026-07-19T23:58:58+00:00,g2_gen0,8dffa7dd38ac625c,train_g2_equities5,-0.822393,12329
2026-07-19T23:59:00+00:00,g2_gen0,b3f4b8c835bfbff6,train_g2_equities5,-2.874027,12354
2026-07-19T23:59:03+00:00,g2_gen0,2fdb343f878a6622,train_g2_equities5,nan,0
2026-07-19T23:59:06+00:00,g2_gen0,2fdb343f878a6622,train_g2_equities5,nan,0
2026-07-19T23:59:08+00:00,g2_gen0,bf87f4865ca44f4a,train_g2_equities5,-2.538656,11534
2026-07-19T23:59:10+00:00,g2_gen0,0b643c915e09ed8c,train_g2_equities5,-1.751315,12317
2026-07-19T23:59:15+00:00,g2_gen0,02c56cda151b0f9c,train_g2_equities5,-1.039415,12297
2026-07-19T23:59:18+00:00,g2_gen0,dd74249b80a70838,train_g2_equities5,-1.850264,11377
2026-07-19T23:59:20+00:00,g2_gen0,d86b2281825f5616,train_g2_equities5,-1.275951,12357
2026-07-19T23:59:23+00:00,g2_gen0,532fff63a0de14f9,train_g2_equities5,-2.66988,12353
2026-07-19T23:59:25+00:00,g2_gen0,81bccba55f8830ab,train_g2_equities5,-1.411604,12328
2026-07-19T23:59:30+00:00,g2_gen0,2c9dbfbea8e8ef5d,train_g2_equities5,-0.741432,12299
2026-07-19T23:59:32+00:00,g2_gen0,37e780e1178a54b9,train_g2_equities5,-3.25904,11553
2026-07-19T23:59:34+00:00,g2_gen0,46045a98562e5cfd,train_g2_equities5,0.395035,12313
2026-07-19T23:59:37+00:00,g2_gen0,532fff63a0de14f9,train_g2_equities5,-0.756862,12353
2026-07-19T23:59:39+00:00,g2_gen0,532fff63a0de14f9,train_g2_equities5,-2.133493,12353
2026-07-19T23:59:42+00:00,g2_gen0,02c56cda151b0f9c,train_g2_equities5,-0.296593,12297
2026-07-19T23:59:45+00:00,g2_gen0,d86b2281825f5616,train_g2_equities5,-2.71669,12357
2026-07-19T23:59:48+00:00,g2_gen0,9c1abcd8e60348bd,train_g2_equities5,-2.97151,12338
2026-07-19T23:59:51+00:00,g2_gen0,263f1922dd8e9482,train_g2_equities5,-1.22962,12292
2026-07-19T23:59:56+00:00,g2_gen0,b45babc64931089b,train_g2_equities5,-2.518002,12352
2026-07-19T23:59:58+00:00,g2_gen0,239a301103758221,train_g2_equities5,-3.059995,10905
2026-07-20T00:00:02+00:00,g2_gen0,a4f851cb8f300132,train_g2_equities5,-1.04767,12148
2026-07-20T00:00:05+00:00,g2_gen0,6823ec9e93ee9f32,train_g2_equities5,-3.367731,12272
2026-07-20T00:00:09+00:00,g2_gen0,f7e893ec846ab01b,train_g2_equities5,0.288311,12358
2026-07-20T00:00:11+00:00,g2_gen0,dfeaa9db7eafa7fa,train_g2_equities5,-0.311973,11720
2026-07-20T00:00:13+00:00,g2_gen0,93c88e39a1b3a5c9,train_g2_equities5,0.368272,12345
2026-07-20T00:00:16+00:00,g2_gen0,8dffa7dd38ac625c,train_g2_equities5,-0.864499,12329
2026-07-20T00:00:19+00:00,g2_gen1,c09dec70516cf6f5,train_g2_equities5,-0.110645,12308
2026-07-20T00:00:21+00:00,g2_gen1,c2a8d532ab158641,train_g2_equities5,nan,0
2026-07-20T00:00:23+00:00,g2_gen1,e6b78bb948cc0ede,train_g2_equities5,0.446748,12348
2026-07-20T00:00:26+00:00,g2_gen1,e05ef5628c27c022,train_g2_equities5,-0.30098,12329
2026-07-20T00:00:31+00:00,g2_gen1,d5e70f3eef99e35e,train_g2_equities5,-3.895289,12258
2026-07-20T00:00:34+00:00,g2_gen1,6d7019863e008f3c,train_g2_equities5,0.832734,12337
2026-07-20T00:00:36+00:00,g2_gen1,d5c6812b352482ea,train_g2_equities5,-2.700352,12338
2026-07-20T00:00:39+00:00,g2_gen1,88055f3ccb8c15c5,train_g2_equities5,-1.388223,12303
2026-07-20T00:00:42+00:00,g2_gen1,5fa04099cfd8563c,train_g2_equities5,-0.759745,12340
2026-07-20T00:00:46+00:00,g2_gen1,3f7082e1afc3887b,train_g2_equities5,0.111338,12299
2026-07-20T00:00:50+00:00,g2_gen1,c866d1e4216063d3,train_g2_equities5,-2.737432,12297
2026-07-20T00:00:52+00:00,g2_gen1,6691874c981ec3c7,train_g2_equities5,-2.784798,12356
2026-07-20T00:00:56+00:00,g2_gen1,c866d1e4216063d3,train_g2_equities5,-1.250498,12297
2026-07-20T00:00:59+00:00,g2_gen1,9676851808a62491,train_g2_equities5,-1.220157,12267
2026-07-20T00:01:02+00:00,g2_gen1,d5c6812b352482ea,train_g2_equities5,-1.058596,12338
2026-07-20T00:01:04+00:00,g2_gen1,e05ef5628c27c022,train_g2_equities5,-1.780239,12329
2026-07-20T00:01:07+00:00,g2_gen1,9676851808a62491,train_g2_equities5,-1.498253,12267
2026-07-20T00:01:10+00:00,g2_gen1,d84e927a5fab4696,train_g2_equities5,-1.125378,12283
2026-07-20T00:01:13+00:00,g2_gen1,85cfeac19c85acf3,train_g2_equities5,-2.895474,12332
2026-07-20T00:01:49+00:00,g2_gen1,6d7019863e008f3c,train_g2_equities5,0.000788,12337
2026-07-20T00:02:01+00:00,g2_gen1,d5c6812b352482ea,train_g2_equities5,0.155062,12338
2026-07-20T00:02:18+00:00,g2_gen1,530c3c45d50430e2,train_g2_equities5,-0.279558,12324
2026-07-20T00:02:23+00:00,g2_gen1,0cc12690756a2d5e,train_g2_equities5,0.565246,12311
2026-07-20T00:02:30+00:00,g2_gen1,d5c6812b352482ea,train_g2_equities5,-1.647617,12338
2026-07-20T00:02:33+00:00,g2_gen1,e05ef5628c27c022,train_g2_equities5,-0.305083,12329
2026-07-20T00:02:35+00:00,g2_gen1,c09dec70516cf6f5,train_g2_equities5,-0.167414,12308
2026-07-20T00:02:49+00:00,g2_gen1,07553cf3db46d5c2,train_g2_equities5,-2.854787,12358
2026-07-20T00:02:54+00:00,g2_gen1,6085d302f1090e0c,train_g2_equities5,0.67195,12359
2026-07-20T00:02:58+00:00,g2_gen1,9745c12bde9d5bb3,train_g2_equities5,0.529703,12349
2026-07-20T00:03:04+00:00,g2_gen1,07553cf3db46d5c2,train_g2_equities5,0.310155,12358
2026-07-20T00:03:37+00:00,g2_gen1,c2a8d532ab158641,train_g2_equities5,nan,0
2026-07-20T00:03:39+00:00,g2_gen1,d5c6812b352482ea,train_g2_equities5,0.037264,12338
2026-07-20T00:03:49+00:00,g2_gen1,c2a8d532ab158641,train_g2_equities5,nan,0
2026-07-20T00:03:55+00:00,g2_gen1,2abba10adbb4eac5,train_g2_equities5,-1.318224,12296
2026-07-20T00:03:58+00:00,g2_gen1,29f3fce96e00af44,train_g2_equities5,-0.504129,12313
2026-07-20T00:04:01+00:00,g2_gen1,00c3002c31b7c242,train_g2_equities5,0.668097,12320
2026-07-20T00:04:04+00:00,g2_gen1,3f7082e1afc3887b,train_g2_equities5,-0.433317,12299
2026-07-20T00:04:07+00:00,g2_gen1,ac16280b3fa4b447,train_g2_equities5,0.074937,12334
2026-07-20T00:04:10+00:00,g2_gen1,1f2dee0406e83bd1,train_g2_equities5,-2.0872,12344
2026-07-20T00:04:13+00:00,g2_gen1,1b84ee1d85bffee7,train_g2_equities5,0.216323,12345
2026-07-20T00:04:17+00:00,g2_gen1,9745c12bde9d5bb3,train_g2_equities5,-1.208955,12349
2026-07-20T00:04:20+00:00,g2_gen1,2f5e2df030cdfcad,train_g2_equities5,-0.914178,12327
2026-07-20T00:04:23+00:00,g2_gen1,2f5e2df030cdfcad,train_g2_equities5,0.595959,12327
2026-07-20T00:04:26+00:00,g2_gen1,0ab62737a574a3f5,train_g2_equities5,-0.069512,12353
2026-07-20T00:04:29+00:00,g2_gen1,c8c76580243cfa71,train_g2_equities5,-0.425211,12011
2026-07-20T00:04:31+00:00,g2_gen1,c866d1e4216063d3,train_g2_equities5,-0.487632,12297
2026-07-20T00:04:34+00:00,g2_gen1,c2a8d532ab158641,train_g2_equities5,nan,0
2026-07-20T00:04:38+00:00,g2_gen1,b7b70b222eb81909,train_g2_equities5,-2.537462,12352
2026-07-20T00:04:41+00:00,g2_gen1,7999ce06063d35b7,train_g2_equities5,-4.329531,9441
2026-07-20T00:04:44+00:00,g2_gen1,6df772924e33496a,train_g2_equities5,-1.702408,12350
2026-07-20T00:04:46+00:00,g2_gen1,d5c6812b352482ea,train_g2_equities5,-1.976912,12338
2026-07-20T00:04:49+00:00,g2_gen1,a0671be314271b88,train_g2_equities5,-0.911955,11733
2026-07-20T00:04:52+00:00,g2_gen1,33dc9cb88d05d606,train_g2_equities5,-0.673329,9592
2026-07-20T00:04:54+00:00,g2_gen1,9676851808a62491,train_g2_equities5,0.348191,12267
2026-07-20T00:04:57+00:00,g2_gen1,a83b3533a83312be,train_g2_equities5,-0.959471,11718
2026-07-20T00:04:59+00:00,g2_gen1,e05ef5628c27c022,train_g2_equities5,0.188372,12329
2026-07-20T00:05:03+00:00,g2_gen1,7d0a6970cef3ff40,train_g2_equities5,-0.354125,12328
2026-07-20T00:05:05+00:00,g2_gen1,07553cf3db46d5c2,train_g2_equities5,-4.533933,12358
2026-07-20T00:05:09+00:00,g2_gen1,bd3ee8cbc9413055,train_g2_equities5,-3.284274,12322
2026-07-20T00:05:12+00:00,g2_gen2,936f84bdf2ac714c,train_g2_equities5,0.724191,12328
2026-07-20T00:05:14+00:00,g2_gen2,63d0bad3cdd6f896,train_g2_equities5,0.639133,12307
2026-07-20T00:05:16+00:00,g2_gen2,f23f751f4347e2de,train_g2_equities5,-0.542076,12324
2026-07-20T00:05:19+00:00,g2_gen2,408fac88acbe4438,train_g2_equities5,-0.721946,12313
2026-07-20T00:05:23+00:00,g2_gen2,9d44470f49c08dfd,train_g2_equities5,-0.449026,12292
2026-07-20T00:05:26+00:00,g2_gen2,00dec2b90ea411b0,train_g2_equities5,0.400229,12311
2026-07-20T00:05:30+00:00,g2_gen2,100d5f81d51b486b,train_g2_equities5,0.398761,12329
2026-07-20T00:05:32+00:00,g2_gen2,daa54b097b6be43b,train_g2_equities5,0.608834,12312
2026-07-20T00:05:36+00:00,g2_gen2,b63a054ce71354cc,train_g2_equities5,-1.099186,7872
2026-07-20T00:05:38+00:00,g2_gen2,ada7416ffe4e543d,train_g2_equities5,-3.324636,5760
2026-07-20T00:05:40+00:00,g2_gen2,936f84bdf2ac714c,train_g2_equities5,0.594744,12328
2026-07-20T00:05:42+00:00,g2_gen2,ddf612a98ada48c3,train_g2_equities5,nan,0
2026-07-20T00:05:45+00:00,g2_gen2,53e0696a3de3cacb,train_g2_equities5,-0.846188,9304
2026-07-20T00:05:48+00:00,g2_gen2,a608b75c4f7d2b91,train_g2_equities5,-0.726979,11734
2026-07-20T00:05:50+00:00,g2_gen2,936f84bdf2ac714c,train_g2_equities5,0.684782,12328
2026-07-20T00:05:53+00:00,g2_gen2,812b9963042269db,train_g2_equities5,-2.658533,12358
2026-07-20T00:05:56+00:00,g2_gen2,b14f08a03e963f0a,train_g2_equities5,-1.413964,12331
2026-07-20T00:05:59+00:00,g2_gen2,ddf612a98ada48c3,train_g2_equities5,nan,0
2026-07-20T00:06:02+00:00,g2_gen2,38d32687403260dc,train_g2_equities5,-1.221312,12353
2026-07-20T00:06:04+00:00,g2_gen2,40d091f947c8c772,train_g2_equities5,-3.067056,12354
2026-07-20T00:06:09+00:00,g2_gen2,ace457fec9998bf4,train_g2_equities5,-2.318489,12338
2026-07-20T00:06:12+00:00,g2_gen2,d801565d3a0a6f99,train_g2_equities5,-2.965443,12352
2026-07-20T00:06:15+00:00,g2_gen2,40d091f947c8c772,train_g2_equities5,0.388581,12354
2026-07-20T00:06:21+00:00,g2_gen2,ac6cd200068640b8,train_g2_equities5,-1.890714,11664
2026-07-20T00:06:25+00:00,g2_gen2,b40705611fb209a8,train_g2_equities5,-1.463327,12348
2026-07-20T00:06:29+00:00,g2_gen2,2093313dbf20b09f,train_g2_equities5,0.891761,12345
2026-07-20T00:06:37+00:00,g2_gen2,812b9963042269db,train_g2_equities5,0.65091,12358
2026-07-20T00:06:43+00:00,g2_gen2,e02071d3dde710a5,train_g2_equities5,0.176395,12267
2026-07-20T00:06:47+00:00,g2_gen2,ed2ff7d3b31e90a1,train_g2_equities5,-0.853943,11723
2026-07-20T00:06:59+00:00,g2_gen2,54be8a792a3e65a3,train_g2_equities5,-0.648701,12314
2026-07-20T00:07:05+00:00,g2_gen2,e02071d3dde710a5,train_g2_equities5,0.5485,12267
2026-07-20T00:07:07+00:00,g2_gen2,7b5aa0b3f6a8d413,train_g2_equities5,-0.168447,12308
2026-07-20T00:07:10+00:00,g2_gen2,f8c55aeba5830f9a,train_g2_equities5,0.492086,12344
2026-07-20T00:07:16+00:00,g2_gen2,e02071d3dde710a5,train_g2_equities5,-0.265117,12267
2026-07-20T00:07:21+00:00,g2_gen2,e02071d3dde710a5,train_g2_equities5,0.772495,12267
2026-07-20T00:07:25+00:00,g2_gen2,aed160b7d3db2cc3,train_g2_equities5,-2.966293,12246
2026-07-20T00:07:28+00:00,g2_gen2,e2642bcdfce54dbe,train_g2_equities5,-2.942583,12276
2026-07-20T00:07:31+00:00,g2_gen2,ace457fec9998bf4,train_g2_equities5,-1.643738,12338
2026-07-20T00:07:37+00:00,g2_gen2,e02071d3dde710a5,train_g2_equities5,-0.227552,12267
2026-07-20T00:07:40+00:00,g2_gen2,810e31bfc54ccc8c,train_g2_equities5,0.211702,12349
2026-07-20T00:07:42+00:00,g2_gen2,81304279d823a7b9,train_g2_equities5,-2.348822,12297
2026-07-20T00:07:45+00:00,g2_gen2,408fac88acbe4438,train_g2_equities5,0.596822,12313
2026-07-20T00:07:47+00:00,g2_gen2,76c2feed7e8938be,train_g2_equities5,-0.2831,11719
2026-07-20T00:07:49+00:00,g2_gen2,00dec2b90ea411b0,train_g2_equities5,-1.38454,12311
2026-07-20T00:07:52+00:00,g2_gen2,40d091f947c8c772,train_g2_equities5,0.665332,12354
2026-07-20T00:07:56+00:00,g2_gen2,e02071d3dde710a5,train_g2_equities5,-0.293056,12267
2026-07-20T00:07:59+00:00,g2_gen2,126b470372991aa2,train_g2_equities5,-2.448053,12208
2026-07-20T00:08:01+00:00,g2_gen2,ddf612a98ada48c3,train_g2_equities5,nan,0
2026-07-20T00:08:04+00:00,g2_gen2,6838fb1048e8adba,train_g2_equities5,0.601874,12323
2026-07-20T00:08:06+00:00,g2_gen2,362f8039b7d18330,train_g2_equities5,-0.573941,11451
2026-07-20T00:08:09+00:00,g2_gen2,ddf612a98ada48c3,train_g2_equities5,nan,0
2026-07-20T00:08:12+00:00,g2_gen2,305a36b236172a96,train_g2_equities5,-0.650971,12327
2026-07-20T00:08:17+00:00,g2_gen2,e02071d3dde710a5,train_g2_equities5,-1.895936,12267
2026-07-20T00:08:19+00:00,g2_gen2,4cdcde202f417100,train_g2_equities5,-0.024085,11733
2026-07-20T00:08:22+00:00,g2_gen2,8d2832dc8d4dd2b4,train_g2_equities5,-1.130428,12346
2026-07-20T00:08:25+00:00,g2_gen2,ddf612a98ada48c3,train_g2_equities5,nan,0
2026-07-20T00:08:28+00:00,g2_gen2,f23f751f4347e2de,train_g2_equities5,0.653605,12324
2026-07-20T00:08:30+00:00,g2_gen2,6f3d34899d42ff20,train_g2_equities5,0.170633,12350
2026-07-20T00:08:32+00:00,g2_gen2,2214896c225e5a2f,train_g2_equities5,-1.655968,12293
2026-07-20T00:08:39+00:00,g2_gen2,e02071d3dde710a5,train_g2_equities5,-0.101787,12267
2026-07-20T00:08:42+00:00,g2_gen2,7b5aa0b3f6a8d413,train_g2_equities5,0.629449,12308
2026-07-20T00:08:44+00:00,g2_gen2,812b9963042269db,train_g2_equities5,-0.598949,12358
2026-07-20T00:08:50+00:00,g2_gen2,e02071d3dde710a5,train_g2_equities5,0.373982,12267
2026-07-20T00:08:53+00:00,g2_gen2,810e31bfc54ccc8c,train_g2_equities5,-0.823074,12349
2026-07-20T00:08:58+00:00,g2_gen2,e02071d3dde710a5,train_g2_equities5,0.531995,12267
2026-07-20T00:09:00+00:00,g2_gen2,936f84bdf2ac714c,train_g2_equities5,0.132798,12328
2026-07-20T00:09:03+00:00,g2_gen2,408fac88acbe4438,train_g2_equities5,-0.424613,12313
2026-07-20T00:09:07+00:00,g2_gen2,ddf612a98ada48c3,train_g2_equities5,nan,0
2026-07-20T00:09:09+00:00,g2_gen2,812b9963042269db,train_g2_equities5,-2.580666,12358
2026-07-20T00:09:12+00:00,g2_gen3,73929c91af1cfcd3,train_g2_equities5,-0.062621,12297
2026-07-20T00:09:17+00:00,g2_gen3,327e512fb0d35d71,train_g2_equities5,0.861748,12329
2026-07-20T00:09:23+00:00,g2_gen3,610995da8b16904f,train_g2_equities5,-1.462992,12338
2026-07-20T00:09:26+00:00,g2_gen3,881d4b7021f09b92,train_g2_equities5,0.258011,12313
2026-07-20T00:09:28+00:00,g2_gen3,56b45830941be1b5,train_g2_equities5,-1.099186,7872
2026-07-20T00:09:32+00:00,g2_gen3,881d4b7021f09b92,train_g2_equities5,-0.19031,12313
2026-07-20T00:09:34+00:00,g2_gen3,8176adae6aef2986,train_g2_equities5,-3.558384,12292
2026-07-20T00:09:37+00:00,g2_gen3,edb341f1da21e901,train_g2_equities5,0.263176,12307
2026-07-20T00:09:41+00:00,g2_gen3,37113c6aabebe542,train_g2_equities5,-4.533933,12358
2026-07-20T00:09:45+00:00,g2_gen3,36e5933118f1d4d7,train_g2_equities5,-3.497301,12286
2026-07-20T00:09:48+00:00,g2_gen3,a590a1835606de24,train_g2_equities5,-2.943588,12317
2026-07-20T00:09:51+00:00,g2_gen3,37113c6aabebe542,train_g2_equities5,-4.533933,12358
2026-07-20T00:09:54+00:00,g2_gen3,c623d1e2f6c368ff,train_g2_equities5,-0.564325,9302
2026-07-20T00:09:57+00:00,g2_gen3,76293d8a5f53ffc8,train_g2_equities5,-2.645502,12349
2026-07-20T00:10:00+00:00,g2_gen3,a9fe033c5217e1e4,train_g2_equities5,-0.097592,12337
2026-07-20T00:10:03+00:00,g2_gen3,ce389f8780023de0,train_g2_equities5,-0.526963,12258
2026-07-20T00:10:09+00:00,g2_gen3,6807ef3cf6c4a191,train_g2_equities5,0.900149,12267
2026-07-20T00:10:12+00:00,g2_gen3,3c6d9ba5fdaa9df9,train_g2_equities5,-1.692277,12350
2026-07-20T00:10:16+00:00,g2_gen3,edb341f1da21e901,train_g2_equities5,-0.637634,12307
2026-07-20T00:10:19+00:00,g2_gen3,2770e8b33c7a2851,train_g2_equities5,0.814391,12328
2026-07-20T00:10:22+00:00,g2_gen3,6807ef3cf6c4a191,train_g2_equities5,-0.292216,12267
2026-07-20T00:10:25+00:00,g2_gen3,610995da8b16904f,train_g2_equities5,-3.579666,12338
2026-07-20T00:10:29+00:00,g2_gen3,a99844019cbfdf03,train_g2_equities5,nan,0
2026-07-20T00:10:32+00:00,g2_gen3,2e34d4baa4b36cba,train_g2_equities5,0.06236,12308
2026-07-20T00:10:37+00:00,g2_gen3,bae9d1bcf93a9e76,train_g2_equities5,0.64969,12306
2026-07-20T00:10:40+00:00,g2_gen3,881d4b7021f09b92,train_g2_equities5,0.38639,12313
2026-07-20T00:10:43+00:00,g2_gen3,d638b69960b1f79f,train_g2_equities5,-1.428993,216
2026-07-20T00:10:45+00:00,g2_gen3,bae9d1bcf93a9e76,train_g2_equities5,0.020774,12306
2026-07-20T00:10:48+00:00,g2_gen3,bf8385ed7feda756,train_g2_equities5,-1.380289,12333
2026-07-20T00:10:52+00:00,g2_gen3,e787d33c623f08d9,train_g2_equities5,-0.176811,12355
2026-07-20T00:10:55+00:00,g2_gen3,a9fe033c5217e1e4,train_g2_equities5,-1.854334,12337
2026-07-20T00:10:59+00:00,g2_gen3,73929c91af1cfcd3,train_g2_equities5,-3.830612,12297
2026-07-20T00:11:02+00:00,g2_gen3,9538981a083d6989,train_g2_equities5,0.148231,12298
2026-07-20T00:11:05+00:00,g2_gen3,8429f8bac50f7436,train_g2_equities5,0.083098,12257
2026-07-20T00:11:08+00:00,g2_gen3,cc3465031404e43e,train_g2_equities5,-4.395935,12359
2026-07-20T00:11:11+00:00,g2_gen3,3f31b0a97f769464,train_g2_equities5,-0.319501,12354
2026-07-20T00:11:15+00:00,g2_gen3,3916a39b718ff67c,train_g2_equities5,-2.606248,12325
2026-07-20T00:11:20+00:00,g2_gen3,5d28cdd19c251ea9,train_g2_equities5,0.573435,12237
2026-07-20T00:11:23+00:00,g2_gen3,6807ef3cf6c4a191,train_g2_equities5,-0.2516,12267
2026-07-20T00:11:26+00:00,g2_gen3,312c417a03eea6f0,train_g2_equities5,0.036154,12324
2026-07-20T00:11:29+00:00,g2_gen3,a99844019cbfdf03,train_g2_equities5,nan,0
2026-07-20T00:11:32+00:00,g2_gen3,a9fe033c5217e1e4,train_g2_equities5,0.832734,12337
2026-07-20T00:11:35+00:00,g2_gen3,37113c6aabebe542,train_g2_equities5,-3.06984,12358
2026-07-20T00:11:37+00:00,g2_gen3,881d4b7021f09b92,train_g2_equities5,-1.448078,12313
2026-07-20T00:11:43+00:00,g2_gen3,26fd7de331917a29,train_g2_equities5,-1.819019,12340
2026-07-20T00:11:47+00:00,g2_gen3,9839ca0582669ded,train_g2_equities5,-0.643554,12266
2026-07-20T00:11:52+00:00,g2_gen3,312c417a03eea6f0,train_g2_equities5,0.826634,12324
2026-07-20T00:11:56+00:00,g2_gen3,62e8f69b3eac51e0,train_g2_equities5,-0.482951,12315
2026-07-20T00:12:02+00:00,g2_gen3,76293d8a5f53ffc8,train_g2_equities5,-2.734104,12349
2026-07-20T00:12:05+00:00,g2_gen3,c7edb9d46596bffa,train_g2_equities5,-2.550219,12296
2026-07-20T00:12:09+00:00,g2_gen3,312c417a03eea6f0,train_g2_equities5,-1.13624,12324
2026-07-20T00:12:11+00:00,g2_gen3,2770e8b33c7a2851,train_g2_equities5,0.684782,12328
2026-07-20T00:12:14+00:00,g2_gen3,20c655bb250a21c2,train_g2_equities5,-0.138724,12320
2026-07-20T00:12:17+00:00,g2_gen3,42dd504e3132337e,train_g2_equities5,-0.399872,12304
2026-07-20T00:12:20+00:00,g2_gen3,20c655bb250a21c2,train_g2_equities5,0.54717,12320
2026-07-20T00:12:23+00:00,g2_gen4,304278b2ef468054,train_g2_equities5,-3.105851,12337
2026-07-20T00:12:26+00:00,g2_gen4,ba2d1cffb397d0d0,train_g2_equities5,-2.662125,12308
2026-07-20T00:12:29+00:00,g2_gen4,d1b85fa7e615e2b9,train_g2_equities5,-1.683666,12354
2026-07-20T00:13:30+00:00,g2_gen4,0393b2d1c7a7a69d,train_g2_equities5,0.036154,12324
2026-07-20T00:13:39+00:00,g2_gen4,f870de5f126cdf15,train_g2_equities5,-2.792924,12358
2026-07-20T00:13:46+00:00,g2_gen4,04e8216f73991d4e,train_g2_equities5,-3.41722,12297
2026-07-20T00:29:33+00:00,g2_gen0,02c56cda151b0f9c,train_g2_equities5,-2.550081,12297
2026-07-20T00:29:35+00:00,g2_gen0,02c56cda151b0f9c,train_g2_equities5,-2.874974,12297
2026-07-20T00:29:36+00:00,g2_gen0,f9b6a53ccdd5bfc9,train_g2_equities5,-1.460678,10863
2026-07-20T00:29:38+00:00,g2_gen0,f7e893ec846ab01b,train_g2_equities5,-4.533933,12358
2026-07-20T00:29:39+00:00,g2_gen0,2fdb343f878a6622,train_g2_equities5,nan,0
2026-07-20T00:29:41+00:00,g2_gen0,ce38a9bcabe276cb,train_g2_equities5,-2.553018,12356
2026-07-20T00:29:42+00:00,g2_gen0,09d51de5e3c83344,train_g2_equities5,-0.81264,12278
2026-07-20T00:29:46+00:00,g2_gen0,dd9e42b257451c42,train_g2_equities5,-4.456743,12349
2026-07-20T00:29:48+00:00,g2_gen0,02c56cda151b0f9c,train_g2_equities5,-2.888275,12297
2026-07-20T00:29:50+00:00,g2_gen0,f7e893ec846ab01b,train_g2_equities5,-4.608756,12358
2026-07-20T00:29:52+00:00,g2_gen0,2fdb343f878a6622,train_g2_equities5,nan,0
2026-07-20T00:29:56+00:00,g2_gen0,56d73b7ce7c54984,train_g2_equities5,0.50166,12267
2026-07-20T00:29:58+00:00,g2_gen0,02c56cda151b0f9c,train_g2_equities5,-0.741969,12297
2026-07-20T00:29:59+00:00,g2_gen0,c0bf7b49f4f204a0,train_g2_equities5,nan,10
2026-07-20T00:30:00+00:00,g2_gen0,b3f4b8c835bfbff6,train_g2_equities5,-3.067056,12354
2026-07-20T00:30:02+00:00,g2_gen0,2fdb343f878a6622,train_g2_equities5,nan,0
2026-07-20T00:30:04+00:00,g2_gen0,ef24c16757e79f87,train_g2_equities5,-2.890374,12343
2026-07-20T00:30:06+00:00,g2_gen0,02c56cda151b0f9c,train_g2_equities5,-0.467852,12297
2026-07-20T00:30:08+00:00,g2_gen0,f7b98123b20acb2c,train_g2_equities5,-2.555184,11521
2026-07-20T00:30:10+00:00,g2_gen0,2fdb343f878a6622,train_g2_equities5,nan,0
2026-07-20T00:30:12+00:00,g2_gen0,deb6168b3d4a5f76,train_g2_equities5,-1.055341,246
2026-07-20T00:30:15+00:00,g2_gen0,b45babc64931089b,train_g2_equities5,-5.348703,12352
2026-07-20T00:30:17+00:00,g2_gen0,9da75f74cad2ea42,train_g2_equities5,-3.885274,12346
2026-07-20T00:30:18+00:00,g2_gen0,9c1abcd8e60348bd,train_g2_equities5,0.003162,12338
2026-07-20T00:30:20+00:00,g2_gen0,02c56cda151b0f9c,train_g2_equities5,-2.692515,12297
2026-07-20T00:30:25+00:00,g2_gen0,2fdb343f878a6622,train_g2_equities5,nan,0
2026-07-20T00:30:26+00:00,g2_gen0,d86b2281825f5616,train_g2_equities5,-2.147753,12357
2026-07-20T00:30:28+00:00,g2_gen0,119c6008a0ad98bd,train_g2_equities5,0.661194,12324
2026-07-20T00:30:30+00:00,g2_gen0,263f1922dd8e9482,train_g2_equities5,-0.866509,12292
2026-07-20T00:30:32+00:00,g2_gen0,9c1abcd8e60348bd,train_g2_equities5,-1.654092,12338
2026-07-20T00:30:34+00:00,g2_gen0,f4293c113f7d3137,train_g2_equities5,-1.54596,12341
2026-07-20T00:30:39+00:00,g2_gen0,02c56cda151b0f9c,train_g2_equities5,-2.620855,12297
2026-07-20T00:30:41+00:00,g2_gen0,02c56cda151b0f9c,train_g2_equities5,-0.741969,12297
2026-07-20T00:30:42+00:00,g2_gen0,99d939d50c2d6c8b,train_g2_equities5,0.067645,12293
2026-07-20T00:30:44+00:00,g2_gen0,cfd869a99edf1619,train_g2_equities5,-2.661845,3573
2026-07-20T00:30:45+00:00,g2_gen0,cca3bf3a73f18d38,train_g2_equities5,-4.395935,12359
2026-07-20T00:30:47+00:00,g2_gen0,2fdb343f878a6622,train_g2_equities5,nan,0
2026-07-20T00:30:48+00:00,g2_gen0,f646a39fe0f61b62,train_g2_equities5,-4.173732,7880
2026-07-20T00:30:50+00:00,g2_gen0,1e0d3b63b2aaba2b,train_g2_equities5,-0.989789,12276
2026-07-20T00:30:53+00:00,g2_gen0,14f13acb234579ce,train_g2_equities5,-1.003649,12200
2026-07-20T00:30:54+00:00,g2_gen0,b3f4b8c835bfbff6,train_g2_equities5,-2.185586,12354
2026-07-20T00:30:56+00:00,g2_gen0,7dff7678c7ef9d84,train_g2_equities5,-0.12114,8006
2026-07-20T00:31:00+00:00,g2_gen0,910cc67266383de9,train_g2_equities5,-3.685789,12340
2026-07-20T00:31:01+00:00,g2_gen0,b3f4b8c835bfbff6,train_g2_equities5,1.087363,12354
2026-07-20T00:31:04+00:00,g2_gen0,e028c210638d1d62,train_g2_equities5,-1.417792,12335
2026-07-20T00:31:07+00:00,g2_gen0,2674ea8b93a8e54e,train_g2_equities5,-0.729862,12290
2026-07-20T00:31:09+00:00,g2_gen0,f7e893ec846ab01b,train_g2_equities5,0.662984,12358
2026-07-20T00:31:11+00:00,g2_gen0,b3f4b8c835bfbff6,train_g2_equities5,-1.297295,12354
2026-07-20T00:31:12+00:00,g2_gen0,46045a98562e5cfd,train_g2_equities5,0.258011,12313
2026-07-20T00:31:14+00:00,g2_gen0,2195f5acd4977b8c,train_g2_equities5,-4.167778,12337
2026-07-20T00:31:16+00:00,g2_gen0,81bccba55f8830ab,train_g2_equities5,-2.397973,12328
2026-07-20T00:31:17+00:00,g2_gen0,9c1abcd8e60348bd,train_g2_equities5,-3.55475,12338
2026-07-20T00:31:19+00:00,g2_gen0,2fdb343f878a6622,train_g2_equities5,nan,0
2026-07-20T00:31:20+00:00,g2_gen0,81bccba55f8830ab,train_g2_equities5,-0.647342,12328
2026-07-20T00:31:23+00:00,g2_gen0,02c56cda151b0f9c,train_g2_equities5,-2.325145,12297
2026-07-20T00:31:24+00:00,g2_gen0,93c88e39a1b3a5c9,train_g2_equities5,-1.708294,12345
2026-07-20T00:31:26+00:00,g2_gen0,6ed205d6aba62a41,train_g2_equities5,-1.88899,12288
2026-07-20T00:31:28+00:00,g2_gen0,aa6858c7fa0aeabc,train_g2_equities5,0.168115,6683
2026-07-20T00:31:29+00:00,g2_gen0,46045a98562e5cfd,train_g2_equities5,0.649427,12313
2026-07-20T00:31:31+00:00,g2_gen0,eaf59440fd3cb891,train_g2_equities5,-0.290849,12308
2026-07-20T00:31:34+00:00,g2_gen0,d327035e8eee3ac1,train_g2_equities5,-1.693708,11543
2026-07-20T00:31:39+00:00,g2_gen0,62b50ab53fa8a037,train_g2_equities5,-1.661969,12284
2026-07-20T00:31:41+00:00,g2_gen0,8dffa7dd38ac625c,train_g2_equities5,-0.822393,12329
2026-07-20T00:31:43+00:00,g2_gen0,b3f4b8c835bfbff6,train_g2_equities5,-2.874027,12354
2026-07-20T00:31:45+00:00,g2_gen0,2fdb343f878a6622,train_g2_equities5,nan,0
2026-07-20T00:31:47+00:00,g2_gen0,2fdb343f878a6622,train_g2_equities5,nan,0
2026-07-20T00:31:49+00:00,g2_gen0,bf87f4865ca44f4a,train_g2_equities5,-2.538656,11534
2026-07-20T00:31:50+00:00,g2_gen0,0b643c915e09ed8c,train_g2_equities5,-1.751315,12317
2026-07-20T00:31:53+00:00,g2_gen0,02c56cda151b0f9c,train_g2_equities5,-1.039415,12297
2026-07-20T00:31:56+00:00,g2_gen0,dd74249b80a70838,train_g2_equities5,-1.850264,11377
2026-07-20T00:31:58+00:00,g2_gen0,d86b2281825f5616,train_g2_equities5,-1.275951,12357
2026-07-20T00:31:59+00:00,g2_gen0,532fff63a0de14f9,train_g2_equities5,-2.66988,12353
2026-07-20T00:32:01+00:00,g2_gen0,81bccba55f8830ab,train_g2_equities5,-1.411604,12328
2026-07-20T00:32:04+00:00,g2_gen0,2c9dbfbea8e8ef5d,train_g2_equities5,-0.741432,12299
2026-07-20T00:32:06+00:00,g2_gen0,37e780e1178a54b9,train_g2_equities5,-3.25904,11553
2026-07-20T00:32:08+00:00,g2_gen0,46045a98562e5cfd,train_g2_equities5,0.395035,12313
2026-07-20T00:32:09+00:00,g2_gen0,532fff63a0de14f9,train_g2_equities5,-0.756862,12353
2026-07-20T00:32:11+00:00,g2_gen0,532fff63a0de14f9,train_g2_equities5,-2.133493,12353
2026-07-20T00:32:13+00:00,g2_gen0,02c56cda151b0f9c,train_g2_equities5,-0.296593,12297
2026-07-20T00:32:15+00:00,g2_gen0,d86b2281825f5616,train_g2_equities5,-2.71669,12357
2026-07-20T00:32:17+00:00,g2_gen0,9c1abcd8e60348bd,train_g2_equities5,-2.97151,12338
2026-07-20T00:32:20+00:00,g2_gen0,263f1922dd8e9482,train_g2_equities5,-1.22962,12292
2026-07-20T00:32:23+00:00,g2_gen0,b45babc64931089b,train_g2_equities5,-2.518002,12352
2026-07-20T00:32:25+00:00,g2_gen0,239a301103758221,train_g2_equities5,-3.059995,10905
2026-07-20T00:32:27+00:00,g2_gen0,a4f851cb8f300132,train_g2_equities5,-1.04767,12148
2026-07-20T00:32:29+00:00,g2_gen0,6823ec9e93ee9f32,train_g2_equities5,-3.367731,12272
2026-07-20T00:32:32+00:00,g2_gen0,f7e893ec846ab01b,train_g2_equities5,0.288311,12358
2026-07-20T00:32:33+00:00,g2_gen0,dfeaa9db7eafa7fa,train_g2_equities5,-0.311973,11720
2026-07-20T00:32:35+00:00,g2_gen0,93c88e39a1b3a5c9,train_g2_equities5,0.368272,12345
2026-07-20T00:32:36+00:00,g2_gen0,8dffa7dd38ac625c,train_g2_equities5,-0.864499,12329
2026-07-20T00:32:38+00:00,g2_gen1,c09dec70516cf6f5,train_g2_equities5,-0.110645,12308
2026-07-20T00:32:40+00:00,g2_gen1,c2a8d532ab158641,train_g2_equities5,nan,0
2026-07-20T00:32:41+00:00,g2_gen1,e6b78bb948cc0ede,train_g2_equities5,0.446748,12348
2026-07-20T00:44:33+00:00,g2_gen0,02c56cda151b0f9c,train_g2_equities5,-2.550081,12297
2026-07-20T00:44:34+00:00,g2_gen0,02c56cda151b0f9c,train_g2_equities5,-2.874974,12297
2026-07-20T00:44:35+00:00,g2_gen0,f9b6a53ccdd5bfc9,train_g2_equities5,-1.460678,10863
2026-07-20T00:44:37+00:00,g2_gen0,f7e893ec846ab01b,train_g2_equities5,-4.533933,12358
2026-07-20T00:44:38+00:00,g2_gen0,2fdb343f878a6622,train_g2_equities5,nan,0
2026-07-20T00:44:39+00:00,g2_gen0,ce38a9bcabe276cb,train_g2_equities5,-2.553018,12356
2026-07-20T00:44:40+00:00,g2_gen0,09d51de5e3c83344,train_g2_equities5,-0.81264,12278
2026-07-20T00:44:43+00:00,g2_gen0,dd9e42b257451c42,train_g2_equities5,-4.456743,12349
2026-07-20T00:44:45+00:00,g2_gen0,02c56cda151b0f9c,train_g2_equities5,-2.888275,12297
2026-07-20T00:44:46+00:00,g2_gen0,f7e893ec846ab01b,train_g2_equities5,-4.608756,12358
2026-07-20T00:44:48+00:00,g2_gen0,2fdb343f878a6622,train_g2_equities5,nan,0
2026-07-20T00:44:51+00:00,g2_gen0,56d73b7ce7c54984,train_g2_equities5,0.50166,12267
2026-07-20T00:44:53+00:00,g2_gen0,02c56cda151b0f9c,train_g2_equities5,-0.741969,12297
2026-07-20T00:44:54+00:00,g2_gen0,c0bf7b49f4f204a0,train_g2_equities5,nan,10
2026-07-20T00:44:55+00:00,g2_gen0,b3f4b8c835bfbff6,train_g2_equities5,-3.067056,12354
2026-07-20T00:44:56+00:00,g2_gen0,2fdb343f878a6622,train_g2_equities5,nan,0
2026-07-20T00:44:58+00:00,g2_gen0,ef24c16757e79f87,train_g2_equities5,-2.890374,12343
2026-07-20T00:45:00+00:00,g2_gen0,02c56cda151b0f9c,train_g2_equities5,-0.467852,12297
2026-07-20T00:45:01+00:00,g2_gen0,f7b98123b20acb2c,train_g2_equities5,-2.555184,11521
2026-07-20T00:45:03+00:00,g2_gen0,2fdb343f878a6622,train_g2_equities5,nan,0
2026-07-20T00:45:05+00:00,g2_gen0,deb6168b3d4a5f76,train_g2_equities5,-1.055341,246
2026-07-20T00:45:07+00:00,g2_gen0,b45babc64931089b,train_g2_equities5,-5.348703,12352
2026-07-20T00:45:08+00:00,g2_gen0,9da75f74cad2ea42,train_g2_equities5,-3.885274,12346
2026-07-20T00:45:10+00:00,g2_gen0,9c1abcd8e60348bd,train_g2_equities5,0.003162,12338
2026-07-20T00:45:11+00:00,g2_gen0,02c56cda151b0f9c,train_g2_equities5,-2.692515,12297
2026-07-20T00:45:15+00:00,g2_gen0,2fdb343f878a6622,train_g2_equities5,nan,0
2026-07-20T00:45:16+00:00,g2_gen0,d86b2281825f5616,train_g2_equities5,-2.147753,12357
2026-07-20T00:45:18+00:00,g2_gen0,119c6008a0ad98bd,train_g2_equities5,0.661194,12324
2026-07-20T00:45:20+00:00,g2_gen0,263f1922dd8e9482,train_g2_equities5,-0.866509,12292
2026-07-20T00:45:21+00:00,g2_gen0,9c1abcd8e60348bd,train_g2_equities5,-1.654092,12338
2026-07-20T00:45:23+00:00,g2_gen0,f4293c113f7d3137,train_g2_equities5,-1.54596,12341
2026-07-20T00:45:27+00:00,g2_gen0,02c56cda151b0f9c,train_g2_equities5,-2.620855,12297
2026-07-20T00:45:29+00:00,g2_gen0,02c56cda151b0f9c,train_g2_equities5,-0.741969,12297
2026-07-20T00:45:30+00:00,g2_gen0,99d939d50c2d6c8b,train_g2_equities5,0.067645,12293
2026-07-20T00:45:32+00:00,g2_gen0,cfd869a99edf1619,train_g2_equities5,-2.661845,3573
2026-07-20T00:45:33+00:00,g2_gen0,cca3bf3a73f18d38,train_g2_equities5,-4.395935,12359
2026-07-20T00:45:34+00:00,g2_gen0,2fdb343f878a6622,train_g2_equities5,nan,0
2026-07-20T00:45:36+00:00,g2_gen0,f646a39fe0f61b62,train_g2_equities5,-4.173732,7880
2026-07-20T00:45:37+00:00,g2_gen0,1e0d3b63b2aaba2b,train_g2_equities5,-0.989789,12276
2026-07-20T00:45:39+00:00,g2_gen0,14f13acb234579ce,train_g2_equities5,-1.003649,12200
2026-07-20T00:45:41+00:00,g2_gen0,b3f4b8c835bfbff6,train_g2_equities5,-2.185586,12354
2026-07-20T00:45:42+00:00,g2_gen0,7dff7678c7ef9d84,train_g2_equities5,-0.12114,8006
2026-07-20T00:45:45+00:00,g2_gen0,910cc67266383de9,train_g2_equities5,-3.685789,12340
2026-07-20T00:45:46+00:00,g2_gen0,b3f4b8c835bfbff6,train_g2_equities5,1.087363,12354
2026-07-20T00:45:49+00:00,g2_gen0,e028c210638d1d62,train_g2_equities5,-1.417792,12335
2026-07-20T00:45:52+00:00,g2_gen0,2674ea8b93a8e54e,train_g2_equities5,-0.729862,12290
2026-07-20T00:45:53+00:00,g2_gen0,f7e893ec846ab01b,train_g2_equities5,0.662984,12358
2026-07-20T00:45:55+00:00,g2_gen0,b3f4b8c835bfbff6,train_g2_equities5,-1.297295,12354
2026-07-20T00:45:56+00:00,g2_gen0,46045a98562e5cfd,train_g2_equities5,0.258011,12313
2026-07-20T00:45:57+00:00,g2_gen0,2195f5acd4977b8c,train_g2_equities5,-4.167778,12337
2026-07-20T00:45:59+00:00,g2_gen0,81bccba55f8830ab,train_g2_equities5,-2.397973,12328
2026-07-20T00:46:00+00:00,g2_gen0,9c1abcd8e60348bd,train_g2_equities5,-3.55475,12338
2026-07-20T00:46:01+00:00,g2_gen0,2fdb343f878a6622,train_g2_equities5,nan,0
2026-07-20T00:46:02+00:00,g2_gen0,81bccba55f8830ab,train_g2_equities5,-0.647342,12328
2026-07-20T00:46:04+00:00,g2_gen0,02c56cda151b0f9c,train_g2_equities5,-2.325145,12297
2026-07-20T00:46:06+00:00,g2_gen0,93c88e39a1b3a5c9,train_g2_equities5,-1.708294,12345
2026-07-20T00:46:07+00:00,g2_gen0,6ed205d6aba62a41,train_g2_equities5,-1.88899,12288
2026-07-20T00:46:08+00:00,g2_gen0,aa6858c7fa0aeabc,train_g2_equities5,0.168115,6683
2026-07-20T00:46:10+00:00,g2_gen0,46045a98562e5cfd,train_g2_equities5,0.649427,12313
2026-07-20T00:46:11+00:00,g2_gen0,eaf59440fd3cb891,train_g2_equities5,-0.290849,12308
2026-07-20T00:46:13+00:00,g2_gen0,d327035e8eee3ac1,train_g2_equities5,-1.693708,11543
2026-07-20T00:46:14+00:00,g2_gen0,62b50ab53fa8a037,train_g2_equities5,-1.661969,12284
2026-07-20T00:46:16+00:00,g2_gen0,8dffa7dd38ac625c,train_g2_equities5,-0.822393,12329
2026-07-20T00:46:17+00:00,g2_gen0,b3f4b8c835bfbff6,train_g2_equities5,-2.874027,12354
2026-07-20T00:46:18+00:00,g2_gen0,2fdb343f878a6622,train_g2_equities5,nan,0
2026-07-20T00:46:20+00:00,g2_gen0,2fdb343f878a6622,train_g2_equities5,nan,0
2026-07-20T00:46:22+00:00,g2_gen0,bf87f4865ca44f4a,train_g2_equities5,-2.538656,11534
2026-07-20T00:46:23+00:00,g2_gen0,0b643c915e09ed8c,train_g2_equities5,-1.751315,12317
2026-07-20T00:46:25+00:00,g2_gen0,02c56cda151b0f9c,train_g2_equities5,-1.039415,12297
2026-07-20T00:46:27+00:00,g2_gen0,dd74249b80a70838,train_g2_equities5,-1.850264,11377
2026-07-20T00:46:28+00:00,g2_gen0,d86b2281825f5616,train_g2_equities5,-1.275951,12357
2026-07-20T00:46:30+00:00,g2_gen0,532fff63a0de14f9,train_g2_equities5,-2.66988,12353
2026-07-20T00:46:31+00:00,g2_gen0,81bccba55f8830ab,train_g2_equities5,-1.411604,12328
2026-07-20T00:46:34+00:00,g2_gen0,2c9dbfbea8e8ef5d,train_g2_equities5,-0.741432,12299
2026-07-20T00:46:35+00:00,g2_gen0,37e780e1178a54b9,train_g2_equities5,-3.25904,11553
2026-07-20T00:46:37+00:00,g2_gen0,46045a98562e5cfd,train_g2_equities5,0.395035,12313
2026-07-20T00:46:39+00:00,g2_gen0,532fff63a0de14f9,train_g2_equities5,-0.756862,12353
2026-07-20T00:46:41+00:00,g2_gen0,532fff63a0de14f9,train_g2_equities5,-2.133493,12353
2026-07-20T00:46:43+00:00,g2_gen0,02c56cda151b0f9c,train_g2_equities5,-0.296593,12297
2026-07-20T00:46:45+00:00,g2_gen0,d86b2281825f5616,train_g2_equities5,-2.71669,12357
2026-07-20T00:46:47+00:00,g2_gen0,9c1abcd8e60348bd,train_g2_equities5,-2.97151,12338
2026-07-20T00:46:49+00:00,g2_gen0,263f1922dd8e9482,train_g2_equities5,-1.22962,12292
2026-07-20T00:46:52+00:00,g2_gen0,b45babc64931089b,train_g2_equities5,-2.518002,12352
2026-07-20T00:46:53+00:00,g2_gen0,239a301103758221,train_g2_equities5,-3.059995,10905
2026-07-20T00:46:56+00:00,g2_gen0,a4f851cb8f300132,train_g2_equities5,-1.04767,12148
2026-07-20T00:46:58+00:00,g2_gen0,6823ec9e93ee9f32,train_g2_equities5,-3.367731,12272
2026-07-20T00:47:00+00:00,g2_gen0,f7e893ec846ab01b,train_g2_equities5,0.288311,12358
2026-07-20T00:47:01+00:00,g2_gen0,dfeaa9db7eafa7fa,train_g2_equities5,-0.311973,11720
2026-07-20T00:47:02+00:00,g2_gen0,93c88e39a1b3a5c9,train_g2_equities5,0.368272,12345
2026-07-20T00:47:04+00:00,g2_gen0,8dffa7dd38ac625c,train_g2_equities5,-0.864499,12329
2026-07-20T00:47:05+00:00,g2_gen1,c09dec70516cf6f5,train_g2_equities5,-0.110645,12308
2026-07-20T00:47:06+00:00,g2_gen1,c2a8d532ab158641,train_g2_equities5,nan,0
2026-07-20T00:47:08+00:00,g2_gen1,e6b78bb948cc0ede,train_g2_equities5,0.446748,12348
2026-07-20T00:47:09+00:00,g2_gen1,e05ef5628c27c022,train_g2_equities5,-0.30098,12329
2026-07-20T00:47:12+00:00,g2_gen1,d5e70f3eef99e35e,train_g2_equities5,-3.895289,12258
2026-07-20T00:47:14+00:00,g2_gen1,6d7019863e008f3c,train_g2_equities5,0.832734,12337
2026-07-20T00:47:15+00:00,g2_gen1,d5c6812b352482ea,train_g2_equities5,-2.700352,12338
2026-07-20T00:47:17+00:00,g2_gen1,88055f3ccb8c15c5,train_g2_equities5,-1.388223,12303
2026-07-20T00:47:18+00:00,g2_gen1,5fa04099cfd8563c,train_g2_equities5,-0.759745,12340
2026-07-20T00:47:21+00:00,g2_gen1,3f7082e1afc3887b,train_g2_equities5,0.111338,12299
2026-07-20T00:47:23+00:00,g2_gen1,c866d1e4216063d3,train_g2_equities5,-2.737432,12297
2026-07-20T00:47:25+00:00,g2_gen1,6691874c981ec3c7,train_g2_equities5,-2.784798,12356
2026-07-20T00:47:27+00:00,g2_gen1,c866d1e4216063d3,train_g2_equities5,-1.250498,12297
2026-07-20T00:47:29+00:00,g2_gen1,9676851808a62491,train_g2_equities5,-1.220157,12267
2026-07-20T00:47:30+00:00,g2_gen1,d5c6812b352482ea,train_g2_equities5,-1.058596,12338
2026-07-20T00:47:32+00:00,g2_gen1,e05ef5628c27c022,train_g2_equities5,-1.780239,12329
2026-07-20T00:47:33+00:00,g2_gen1,9676851808a62491,train_g2_equities5,-1.498253,12267
2026-07-20T00:47:35+00:00,g2_gen1,d84e927a5fab4696,train_g2_equities5,-1.125378,12283
2026-07-20T00:47:36+00:00,g2_gen1,85cfeac19c85acf3,train_g2_equities5,-2.895474,12332
2026-07-20T00:47:38+00:00,g2_gen1,6d7019863e008f3c,train_g2_equities5,0.000788,12337
2026-07-20T00:47:39+00:00,g2_gen1,d5c6812b352482ea,train_g2_equities5,0.155062,12338
2026-07-20T00:47:42+00:00,g2_gen1,530c3c45d50430e2,train_g2_equities5,-0.279558,12324
2026-07-20T00:47:43+00:00,g2_gen1,0cc12690756a2d5e,train_g2_equities5,0.565246,12311
2026-07-20T00:47:44+00:00,g2_gen1,d5c6812b352482ea,train_g2_equities5,-1.647617,12338
2026-07-20T00:47:46+00:00,g2_gen1,e05ef5628c27c022,train_g2_equities5,-0.305083,12329
2026-07-20T00:47:47+00:00,g2_gen1,c09dec70516cf6f5,train_g2_equities5,-0.167414,12308
2026-07-20T00:47:49+00:00,g2_gen1,07553cf3db46d5c2,train_g2_equities5,-2.854787,12358
2026-07-20T00:47:50+00:00,g2_gen1,6085d302f1090e0c,train_g2_equities5,0.67195,12359
2026-07-20T00:47:51+00:00,g2_gen1,9745c12bde9d5bb3,train_g2_equities5,0.529703,12349
2026-07-20T00:47:52+00:00,g2_gen1,07553cf3db46d5c2,train_g2_equities5,0.310155,12358
2026-07-20T00:47:54+00:00,g2_gen1,c2a8d532ab158641,train_g2_equities5,nan,0
2026-07-20T00:47:55+00:00,g2_gen1,d5c6812b352482ea,train_g2_equities5,0.037264,12338
2026-07-20T00:47:57+00:00,g2_gen1,c2a8d532ab158641,train_g2_equities5,nan,0
2026-07-20T00:47:58+00:00,g2_gen1,2abba10adbb4eac5,train_g2_equities5,-1.318224,12296
2026-07-20T00:48:00+00:00,g2_gen1,29f3fce96e00af44,train_g2_equities5,-0.504129,12313
2026-07-20T00:48:01+00:00,g2_gen1,00c3002c31b7c242,train_g2_equities5,0.668097,12320
2026-07-20T00:48:03+00:00,g2_gen1,3f7082e1afc3887b,train_g2_equities5,-0.433317,12299
2026-07-20T00:48:04+00:00,g2_gen1,ac16280b3fa4b447,train_g2_equities5,0.074937,12334
2026-07-20T00:48:06+00:00,g2_gen1,1f2dee0406e83bd1,train_g2_equities5,-2.0872,12344
2026-07-20T00:48:07+00:00,g2_gen1,1b84ee1d85bffee7,train_g2_equities5,0.216323,12345
2026-07-20T00:48:09+00:00,g2_gen1,9745c12bde9d5bb3,train_g2_equities5,-1.208955,12349
2026-07-20T00:48:11+00:00,g2_gen1,2f5e2df030cdfcad,train_g2_equities5,-0.914178,12327
2026-07-20T00:48:12+00:00,g2_gen1,2f5e2df030cdfcad,train_g2_equities5,0.595959,12327
2026-07-20T00:48:13+00:00,g2_gen1,0ab62737a574a3f5,train_g2_equities5,-0.069512,12353
2026-07-20T00:48:14+00:00,g2_gen1,c8c76580243cfa71,train_g2_equities5,-0.425211,12011
2026-07-20T00:48:16+00:00,g2_gen1,c866d1e4216063d3,train_g2_equities5,-0.487632,12297
2026-07-20T00:48:17+00:00,g2_gen1,c2a8d532ab158641,train_g2_equities5,nan,0
2026-07-20T00:48:20+00:00,g2_gen1,b7b70b222eb81909,train_g2_equities5,-2.537462,12352
2026-07-20T00:58:54+00:00,g2_gen0,02c56cda151b0f9c,train_g2_equities5,-2.550081,12297
2026-07-20T00:58:56+00:00,g2_gen0,02c56cda151b0f9c,train_g2_equities5,-2.874974,12297
2026-07-20T00:58:57+00:00,g2_gen0,f9b6a53ccdd5bfc9,train_g2_equities5,-1.460678,10863
2026-07-20T00:58:59+00:00,g2_gen0,f7e893ec846ab01b,train_g2_equities5,-4.533933,12358
2026-07-20T00:59:00+00:00,g2_gen0,2fdb343f878a6622,train_g2_equities5,nan,0
2026-07-20T00:59:01+00:00,g2_gen0,ce38a9bcabe276cb,train_g2_equities5,-2.553018,12356
2026-07-20T00:59:03+00:00,g2_gen0,09d51de5e3c83344,train_g2_equities5,-0.81264,12278
2026-07-20T00:59:06+00:00,g2_gen0,dd9e42b257451c42,train_g2_equities5,-4.456743,12349
2026-07-20T00:59:08+00:00,g2_gen0,02c56cda151b0f9c,train_g2_equities5,-2.888275,12297
2026-07-20T00:59:09+00:00,g2_gen0,f7e893ec846ab01b,train_g2_equities5,-4.608756,12358
2026-07-20T00:59:11+00:00,g2_gen0,2fdb343f878a6622,train_g2_equities5,nan,0
2026-07-20T00:59:15+00:00,g2_gen0,56d73b7ce7c54984,train_g2_equities5,0.50166,12267
2026-07-20T00:59:16+00:00,g2_gen0,02c56cda151b0f9c,train_g2_equities5,-0.741969,12297
2026-07-20T00:59:17+00:00,g2_gen0,c0bf7b49f4f204a0,train_g2_equities5,nan,10
2026-07-20T00:59:19+00:00,g2_gen0,b3f4b8c835bfbff6,train_g2_equities5,-3.067056,12354
2026-07-20T00:59:20+00:00,g2_gen0,2fdb343f878a6622,train_g2_equities5,nan,0
2026-07-20T00:59:22+00:00,g2_gen0,ef24c16757e79f87,train_g2_equities5,-2.890374,12343
2026-07-20T00:59:24+00:00,g2_gen0,02c56cda151b0f9c,train_g2_equities5,-0.467852,12297
2026-07-20T00:59:25+00:00,g2_gen0,f7b98123b20acb2c,train_g2_equities5,-2.555184,11521
2026-07-20T00:59:27+00:00,g2_gen0,2fdb343f878a6622,train_g2_equities5,nan,0
2026-07-20T00:59:29+00:00,g2_gen0,deb6168b3d4a5f76,train_g2_equities5,-1.055341,246
2026-07-20T00:59:31+00:00,g2_gen0,b45babc64931089b,train_g2_equities5,-5.348703,12352
2026-07-20T00:59:33+00:00,g2_gen0,9da75f74cad2ea42,train_g2_equities5,-3.885274,12346
2026-07-20T00:59:34+00:00,g2_gen0,9c1abcd8e60348bd,train_g2_equities5,0.003162,12338
2026-07-20T00:59:36+00:00,g2_gen0,02c56cda151b0f9c,train_g2_equities5,-2.692515,12297
2026-07-20T00:59:40+00:00,g2_gen0,2fdb343f878a6622,train_g2_equities5,nan,0
2026-07-20T00:59:41+00:00,g2_gen0,d86b2281825f5616,train_g2_equities5,-2.147753,12357
2026-07-20T00:59:42+00:00,g2_gen0,119c6008a0ad98bd,train_g2_equities5,0.661194,12324
2026-07-20T00:59:45+00:00,g2_gen0,263f1922dd8e9482,train_g2_equities5,-0.866509,12292
2026-07-20T00:59:46+00:00,g2_gen0,9c1abcd8e60348bd,train_g2_equities5,-1.654092,12338
2026-07-20T00:59:48+00:00,g2_gen0,f4293c113f7d3137,train_g2_equities5,-1.54596,12341
2026-07-20T00:59:52+00:00,g2_gen0,02c56cda151b0f9c,train_g2_equities5,-2.620855,12297
2026-07-20T00:59:54+00:00,g2_gen0,02c56cda151b0f9c,train_g2_equities5,-0.741969,12297
2026-07-20T00:59:55+00:00,g2_gen0,99d939d50c2d6c8b,train_g2_equities5,0.067645,12293
2026-07-20T00:59:57+00:00,g2_gen0,cfd869a99edf1619,train_g2_equities5,-2.661845,3573
2026-07-20T00:59:58+00:00,g2_gen0,cca3bf3a73f18d38,train_g2_equities5,-4.395935,12359
2026-07-20T00:59:59+00:00,g2_gen0,2fdb343f878a6622,train_g2_equities5,nan,0
2026-07-20T01:00:00+00:00,g2_gen0,f646a39fe0f61b62,train_g2_equities5,-4.173732,7880
2026-07-20T01:00:02+00:00,g2_gen0,1e0d3b63b2aaba2b,train_g2_equities5,-0.989789,12276
2026-07-20T01:00:04+00:00,g2_gen0,14f13acb234579ce,train_g2_equities5,-1.003649,12200
2026-07-20T01:00:06+00:00,g2_gen0,b3f4b8c835bfbff6,train_g2_equities5,-2.185586,12354
2026-07-20T01:00:07+00:00,g2_gen0,7dff7678c7ef9d84,train_g2_equities5,-0.12114,8006
2026-07-20T01:00:11+00:00,g2_gen0,910cc67266383de9,train_g2_equities5,-3.685789,12340
2026-07-20T01:00:12+00:00,g2_gen0,b3f4b8c835bfbff6,train_g2_equities5,1.087363,12354
2026-07-20T01:00:15+00:00,g2_gen0,e028c210638d1d62,train_g2_equities5,-1.417792,12335
2026-07-20T01:00:17+00:00,g2_gen0,2674ea8b93a8e54e,train_g2_equities5,-0.729862,12290
2026-07-20T01:00:19+00:00,g2_gen0,f7e893ec846ab01b,train_g2_equities5,0.662984,12358
2026-07-20T01:00:21+00:00,g2_gen0,b3f4b8c835bfbff6,train_g2_equities5,-1.297295,12354
2026-07-20T01:00:22+00:00,g2_gen0,46045a98562e5cfd,train_g2_equities5,0.258011,12313
2026-07-20T01:00:23+00:00,g2_gen0,2195f5acd4977b8c,train_g2_equities5,-4.167778,12337
2026-07-20T01:00:25+00:00,g2_gen0,81bccba55f8830ab,train_g2_equities5,-2.397973,12328
2026-07-20T01:00:26+00:00,g2_gen0,9c1abcd8e60348bd,train_g2_equities5,-3.55475,12338
2026-07-20T01:00:27+00:00,g2_gen0,2fdb343f878a6622,train_g2_equities5,nan,0
2026-07-20T01:00:29+00:00,g2_gen0,81bccba55f8830ab,train_g2_equities5,-0.647342,12328
2026-07-20T01:00:30+00:00,g2_gen0,02c56cda151b0f9c,train_g2_equities5,-2.325145,12297
2026-07-20T01:00:32+00:00,g2_gen0,93c88e39a1b3a5c9,train_g2_equities5,-1.708294,12345
2026-07-20T01:00:33+00:00,g2_gen0,6ed205d6aba62a41,train_g2_equities5,-1.88899,12288
2026-07-20T01:00:35+00:00,g2_gen0,aa6858c7fa0aeabc,train_g2_equities5,0.168115,6683
2026-07-20T01:00:36+00:00,g2_gen0,46045a98562e5cfd,train_g2_equities5,0.649427,12313
2026-07-20T01:00:38+00:00,g2_gen0,eaf59440fd3cb891,train_g2_equities5,-0.290849,12308
2026-07-20T01:00:39+00:00,g2_gen0,d327035e8eee3ac1,train_g2_equities5,-1.693708,11543
2026-07-20T01:00:41+00:00,g2_gen0,62b50ab53fa8a037,train_g2_equities5,-1.661969,12284
2026-07-20T01:00:43+00:00,g2_gen0,8dffa7dd38ac625c,train_g2_equities5,-0.822393,12329
2026-07-20T01:00:44+00:00,g2_gen0,b3f4b8c835bfbff6,train_g2_equities5,-2.874027,12354
2026-07-20T01:00:46+00:00,g2_gen0,2fdb343f878a6622,train_g2_equities5,nan,0
2026-07-20T01:00:48+00:00,g2_gen0,2fdb343f878a6622,train_g2_equities5,nan,0
2026-07-20T01:00:49+00:00,g2_gen0,bf87f4865ca44f4a,train_g2_equities5,-2.538656,11534
2026-07-20T01:00:51+00:00,g2_gen0,0b643c915e09ed8c,train_g2_equities5,-1.751315,12317
2026-07-20T01:00:54+00:00,g2_gen0,02c56cda151b0f9c,train_g2_equities5,-1.039415,12297
2026-07-20T01:00:56+00:00,g2_gen0,dd74249b80a70838,train_g2_equities5,-1.850264,11377
2026-07-20T01:00:57+00:00,g2_gen0,d86b2281825f5616,train_g2_equities5,-1.275951,12357
2026-07-20T01:00:59+00:00,g2_gen0,532fff63a0de14f9,train_g2_equities5,-2.66988,12353
2026-07-20T01:01:00+00:00,g2_gen0,81bccba55f8830ab,train_g2_equities5,-1.411604,12328
2026-07-20T01:01:03+00:00,g2_gen0,2c9dbfbea8e8ef5d,train_g2_equities5,-0.741432,12299
2026-07-20T01:01:05+00:00,g2_gen0,37e780e1178a54b9,train_g2_equities5,-3.25904,11553
2026-07-20T01:01:06+00:00,g2_gen0,46045a98562e5cfd,train_g2_equities5,0.395035,12313
2026-07-20T01:01:08+00:00,g2_gen0,532fff63a0de14f9,train_g2_equities5,-0.756862,12353
2026-07-20T01:01:09+00:00,g2_gen0,532fff63a0de14f9,train_g2_equities5,-2.133493,12353
2026-07-20T01:01:11+00:00,g2_gen0,02c56cda151b0f9c,train_g2_equities5,-0.296593,12297
2026-07-20T01:01:13+00:00,g2_gen0,d86b2281825f5616,train_g2_equities5,-2.71669,12357
2026-07-20T01:01:15+00:00,g2_gen0,9c1abcd8e60348bd,train_g2_equities5,-2.97151,12338
2026-07-20T01:01:17+00:00,g2_gen0,263f1922dd8e9482,train_g2_equities5,-1.22962,12292
2026-07-20T01:01:20+00:00,g2_gen0,b45babc64931089b,train_g2_equities5,-2.518002,12352
2026-07-20T01:01:21+00:00,g2_gen0,239a301103758221,train_g2_equities5,-3.059995,10905
2026-07-20T01:01:24+00:00,g2_gen0,a4f851cb8f300132,train_g2_equities5,-1.04767,12148
2026-07-20T01:01:26+00:00,g2_gen0,6823ec9e93ee9f32,train_g2_equities5,-3.367731,12272
2026-07-20T01:01:28+00:00,g2_gen0,f7e893ec846ab01b,train_g2_equities5,0.288311,12358
2026-07-20T01:01:29+00:00,g2_gen0,dfeaa9db7eafa7fa,train_g2_equities5,-0.311973,11720
2026-07-20T01:01:31+00:00,g2_gen0,93c88e39a1b3a5c9,train_g2_equities5,0.368272,12345
2026-07-20T01:01:32+00:00,g2_gen0,8dffa7dd38ac625c,train_g2_equities5,-0.864499,12329
2026-07-20T01:01:34+00:00,g2_gen1,c09dec70516cf6f5,train_g2_equities5,-0.110645,12308
2026-07-20T01:01:35+00:00,g2_gen1,c2a8d532ab158641,train_g2_equities5,nan,0
2026-07-20T01:01:36+00:00,g2_gen1,e6b78bb948cc0ede,train_g2_equities5,0.446748,12348
2026-07-20T01:01:38+00:00,g2_gen1,e05ef5628c27c022,train_g2_equities5,-0.30098,12329
2026-07-20T01:01:41+00:00,g2_gen1,d5e70f3eef99e35e,train_g2_equities5,-3.895289,12258
2026-07-20T01:01:43+00:00,g2_gen1,6d7019863e008f3c,train_g2_equities5,0.832734,12337
2026-07-20T01:01:45+00:00,g2_gen1,d5c6812b352482ea,train_g2_equities5,-2.700352,12338
2026-07-20T01:01:46+00:00,g2_gen1,88055f3ccb8c15c5,train_g2_equities5,-1.388223,12303
2026-07-20T01:01:48+00:00,g2_gen1,5fa04099cfd8563c,train_g2_equities5,-0.759745,12340
2026-07-20T01:01:50+00:00,g2_gen1,3f7082e1afc3887b,train_g2_equities5,0.111338,12299
2026-07-20T01:01:53+00:00,g2_gen1,c866d1e4216063d3,train_g2_equities5,-2.737432,12297
2026-07-20T01:01:55+00:00,g2_gen1,6691874c981ec3c7,train_g2_equities5,-2.784798,12356
2026-07-20T01:01:57+00:00,g2_gen1,c866d1e4216063d3,train_g2_equities5,-1.250498,12297
2026-07-20T01:01:59+00:00,g2_gen1,9676851808a62491,train_g2_equities5,-1.220157,12267
2026-07-20T01:02:01+00:00,g2_gen1,d5c6812b352482ea,train_g2_equities5,-1.058596,12338
2026-07-20T01:02:02+00:00,g2_gen1,e05ef5628c27c022,train_g2_equities5,-1.780239,12329
2026-07-20T01:02:04+00:00,g2_gen1,9676851808a62491,train_g2_equities5,-1.498253,12267
2026-07-20T01:02:05+00:00,g2_gen1,d84e927a5fab4696,train_g2_equities5,-1.125378,12283
2026-07-20T01:02:07+00:00,g2_gen1,85cfeac19c85acf3,train_g2_equities5,-2.895474,12332
2026-07-20T01:02:09+00:00,g2_gen1,6d7019863e008f3c,train_g2_equities5,0.000788,12337
2026-07-20T01:02:10+00:00,g2_gen1,d5c6812b352482ea,train_g2_equities5,0.155062,12338
2026-07-20T01:02:13+00:00,g2_gen1,530c3c45d50430e2,train_g2_equities5,-0.279558,12324
2026-07-20T01:02:15+00:00,g2_gen1,0cc12690756a2d5e,train_g2_equities5,0.565246,12311
2026-07-20T01:02:16+00:00,g2_gen1,d5c6812b352482ea,train_g2_equities5,-1.647617,12338
2026-07-20T01:02:18+00:00,g2_gen1,e05ef5628c27c022,train_g2_equities5,-0.305083,12329
2026-07-20T01:02:19+00:00,g2_gen1,c09dec70516cf6f5,train_g2_equities5,-0.167414,12308
2026-07-20T01:02:21+00:00,g2_gen1,07553cf3db46d5c2,train_g2_equities5,-2.854787,12358
2026-07-20T01:02:22+00:00,g2_gen1,6085d302f1090e0c,train_g2_equities5,0.67195,12359
2026-07-20T01:02:24+00:00,g2_gen1,9745c12bde9d5bb3,train_g2_equities5,0.529703,12349
2026-07-20T01:02:25+00:00,g2_gen1,07553cf3db46d5c2,train_g2_equities5,0.310155,12358
2026-07-20T01:02:27+00:00,g2_gen1,c2a8d532ab158641,train_g2_equities5,nan,0
2026-07-20T01:02:28+00:00,g2_gen1,d5c6812b352482ea,train_g2_equities5,0.037264,12338
2026-07-20T01:02:30+00:00,g2_gen1,c2a8d532ab158641,train_g2_equities5,nan,0
2026-07-20T01:02:32+00:00,g2_gen1,2abba10adbb4eac5,train_g2_equities5,-1.318224,12296
2026-07-20T01:02:33+00:00,g2_gen1,29f3fce96e00af44,train_g2_equities5,-0.504129,12313
2026-07-20T01:02:35+00:00,g2_gen1,00c3002c31b7c242,train_g2_equities5,0.668097,12320
2026-07-20T01:02:36+00:00,g2_gen1,3f7082e1afc3887b,train_g2_equities5,-0.433317,12299
2026-07-20T01:02:38+00:00,g2_gen1,ac16280b3fa4b447,train_g2_equities5,0.074937,12334
2026-07-20T01:02:40+00:00,g2_gen1,1f2dee0406e83bd1,train_g2_equities5,-2.0872,12344
2026-07-20T01:02:41+00:00,g2_gen1,1b84ee1d85bffee7,train_g2_equities5,0.216323,12345
2026-07-20T01:02:44+00:00,g2_gen1,9745c12bde9d5bb3,train_g2_equities5,-1.208955,12349
2026-07-20T01:02:45+00:00,g2_gen1,2f5e2df030cdfcad,train_g2_equities5,-0.914178,12327
2026-07-20T01:02:46+00:00,g2_gen1,2f5e2df030cdfcad,train_g2_equities5,0.595959,12327
2026-07-20T01:02:48+00:00,g2_gen1,0ab62737a574a3f5,train_g2_equities5,-0.069512,12353
2026-07-20T01:02:49+00:00,g2_gen1,c8c76580243cfa71,train_g2_equities5,-0.425211,12011
2026-07-20T01:02:51+00:00,g2_gen1,c866d1e4216063d3,train_g2_equities5,-0.487632,12297
2026-07-20T01:02:52+00:00,g2_gen1,c2a8d532ab158641,train_g2_equities5,nan,0
2026-07-20T01:02:55+00:00,g2_gen1,b7b70b222eb81909,train_g2_equities5,-2.537462,12352
2026-07-20T01:02:57+00:00,g2_gen1,7999ce06063d35b7,train_g2_equities5,-4.329531,9441
2026-07-20T01:02:59+00:00,g2_gen1,6df772924e33496a,train_g2_equities5,-1.702408,12350
2026-07-20T01:03:00+00:00,g2_gen1,d5c6812b352482ea,train_g2_equities5,-1.976912,12338
2026-07-20T01:03:01+00:00,g2_gen1,a0671be314271b88,train_g2_equities5,-0.911955,11733
2026-07-20T01:03:03+00:00,g2_gen1,33dc9cb88d05d606,train_g2_equities5,-0.673329,9592
2026-07-20T01:03:04+00:00,g2_gen1,9676851808a62491,train_g2_equities5,0.348191,12267
2026-07-20T01:03:06+00:00,g2_gen1,a83b3533a83312be,train_g2_equities5,-0.959471,11718
2026-07-20T01:03:07+00:00,g2_gen1,e05ef5628c27c022,train_g2_equities5,0.188372,12329
2026-07-20T01:03:10+00:00,g2_gen1,7d0a6970cef3ff40,train_g2_equities5,-0.354125,12328
2026-07-20T01:03:12+00:00,g2_gen1,07553cf3db46d5c2,train_g2_equities5,-4.533933,12358
2026-07-20T01:03:14+00:00,g2_gen1,bd3ee8cbc9413055,train_g2_equities5,-3.284274,12322
2026-07-20T01:03:16+00:00,g2_gen2,936f84bdf2ac714c,train_g2_equities5,0.724191,12328
2026-07-20T01:03:17+00:00,g2_gen2,63d0bad3cdd6f896,train_g2_equities5,0.639133,12307
2026-07-20T01:03:19+00:00,g2_gen2,f23f751f4347e2de,train_g2_equities5,-0.542076,12324
2026-07-20T01:03:20+00:00,g2_gen2,408fac88acbe4438,train_g2_equities5,-0.721946,12313
2026-07-20T01:03:23+00:00,g2_gen2,9d44470f49c08dfd,train_g2_equities5,-0.449026,12292
2026-07-20T01:03:25+00:00,g2_gen2,00dec2b90ea411b0,train_g2_equities5,0.400229,12311
2026-07-20T01:03:26+00:00,g2_gen2,100d5f81d51b486b,train_g2_equities5,0.398761,12329
2026-07-20T01:03:28+00:00,g2_gen2,daa54b097b6be43b,train_g2_equities5,0.608834,12312
2026-07-20T01:03:30+00:00,g2_gen2,b63a054ce71354cc,train_g2_equities5,-1.099186,7872
2026-07-20T01:03:31+00:00,g2_gen2,ada7416ffe4e543d,train_g2_equities5,-3.324636,5760
2026-07-20T01:03:32+00:00,g2_gen2,936f84bdf2ac714c,train_g2_equities5,0.594744,12328
2026-07-20T01:03:34+00:00,g2_gen2,ddf612a98ada48c3,train_g2_equities5,nan,0
2026-07-20T01:03:35+00:00,g2_gen2,53e0696a3de3cacb,train_g2_equities5,-0.846188,9304
2026-07-20T01:03:37+00:00,g2_gen2,a608b75c4f7d2b91,train_g2_equities5,-0.726979,11734
2026-07-20T01:03:38+00:00,g2_gen2,936f84bdf2ac714c,train_g2_equities5,0.684782,12328
2026-07-20T01:03:40+00:00,g2_gen2,812b9963042269db,train_g2_equities5,-2.658533,12358
2026-07-20T01:03:42+00:00,g2_gen2,b14f08a03e963f0a,train_g2_equities5,-1.413964,12331
2026-07-20T01:03:43+00:00,g2_gen2,ddf612a98ada48c3,train_g2_equities5,nan,0
2026-07-20T01:03:44+00:00,g2_gen2,38d32687403260dc,train_g2_equities5,-1.221312,12353
2026-07-20T01:03:46+00:00,g2_gen2,40d091f947c8c772,train_g2_equities5,-3.067056,12354
2026-07-20T01:03:48+00:00,g2_gen2,ace457fec9998bf4,train_g2_equities5,-2.318489,12338
2026-07-20T01:03:50+00:00,g2_gen2,d801565d3a0a6f99,train_g2_equities5,-2.965443,12352
2026-07-20T01:03:51+00:00,g2_gen2,40d091f947c8c772,train_g2_equities5,0.388581,12354
2026-07-20T01:03:54+00:00,g2_gen2,ac6cd200068640b8,train_g2_equities5,-1.890714,11664
2026-07-20T01:03:55+00:00,g2_gen2,b40705611fb209a8,train_g2_equities5,-1.463327,12348
2026-07-20T01:03:57+00:00,g2_gen2,2093313dbf20b09f,train_g2_equities5,0.891761,12345
2026-07-20T01:03:59+00:00,g2_gen2,812b9963042269db,train_g2_equities5,0.65091,12358
2026-07-20T01:04:02+00:00,g2_gen2,e02071d3dde710a5,train_g2_equities5,0.176395,12267
2026-07-20T01:04:04+00:00,g2_gen2,ed2ff7d3b31e90a1,train_g2_equities5,-0.853943,11723
2026-07-20T01:04:06+00:00,g2_gen2,54be8a792a3e65a3,train_g2_equities5,-0.648701,12314
2026-07-20T01:04:10+00:00,g2_gen2,e02071d3dde710a5,train_g2_equities5,0.5485,12267
2026-07-20T01:04:11+00:00,g2_gen2,7b5aa0b3f6a8d413,train_g2_equities5,-0.168447,12308
2026-07-20T01:04:13+00:00,g2_gen2,f8c55aeba5830f9a,train_g2_equities5,0.492086,12344
2026-07-20T01:04:17+00:00,g2_gen2,e02071d3dde710a5,train_g2_equities5,-0.265117,12267
2026-07-20T01:04:20+00:00,g2_gen2,e02071d3dde710a5,train_g2_equities5,0.772495,12267
2026-07-20T01:04:23+00:00,g2_gen2,aed160b7d3db2cc3,train_g2_equities5,-2.966293,12246
2026-07-20T01:04:25+00:00,g2_gen2,e2642bcdfce54dbe,train_g2_equities5,-2.942583,12276
2026-07-20T01:04:27+00:00,g2_gen2,ace457fec9998bf4,train_g2_equities5,-1.643738,12338
2026-07-20T01:04:31+00:00,g2_gen2,e02071d3dde710a5,train_g2_equities5,-0.227552,12267
2026-07-20T01:04:33+00:00,g2_gen2,810e31bfc54ccc8c,train_g2_equities5,0.211702,12349
2026-07-20T01:04:35+00:00,g2_gen2,81304279d823a7b9,train_g2_equities5,-2.348822,12297
2026-07-20T01:04:36+00:00,g2_gen2,408fac88acbe4438,train_g2_equities5,0.596822,12313
2026-07-20T01:04:38+00:00,g2_gen2,76c2feed7e8938be,train_g2_equities5,-0.2831,11719
2026-07-20T01:04:39+00:00,g2_gen2,00dec2b90ea411b0,train_g2_equities5,-1.38454,12311
2026-07-20T01:04:41+00:00,g2_gen2,40d091f947c8c772,train_g2_equities5,0.665332,12354
2026-07-20T01:04:44+00:00,g2_gen2,e02071d3dde710a5,train_g2_equities5,-0.293056,12267
2026-07-20T01:04:46+00:00,g2_gen2,126b470372991aa2,train_g2_equities5,-2.448053,12208
2026-07-20T01:04:47+00:00,g2_gen2,ddf612a98ada48c3,train_g2_equities5,nan,0
2026-07-20T01:04:49+00:00,g2_gen2,6838fb1048e8adba,train_g2_equities5,0.601874,12323
2026-07-20T01:04:51+00:00,g2_gen2,362f8039b7d18330,train_g2_equities5,-0.573941,11451
2026-07-20T01:04:52+00:00,g2_gen2,ddf612a98ada48c3,train_g2_equities5,nan,0
2026-07-20T01:04:54+00:00,g2_gen2,305a36b236172a96,train_g2_equities5,-0.650971,12327
2026-07-20T01:04:58+00:00,g2_gen2,e02071d3dde710a5,train_g2_equities5,-1.895936,12267
2026-07-20T01:04:59+00:00,g2_gen2,4cdcde202f417100,train_g2_equities5,-0.024085,11733
2026-07-20T01:05:01+00:00,g2_gen2,8d2832dc8d4dd2b4,train_g2_equities5,-1.130428,12346
2026-07-20T01:05:03+00:00,g2_gen2,ddf612a98ada48c3,train_g2_equities5,nan,0
2026-07-20T01:05:04+00:00,g2_gen2,f23f751f4347e2de,train_g2_equities5,0.653605,12324
2026-07-20T01:05:06+00:00,g2_gen2,6f3d34899d42ff20,train_g2_equities5,0.170633,12350
2026-07-20T01:05:07+00:00,g2_gen2,2214896c225e5a2f,train_g2_equities5,-1.655968,12293
2026-07-20T01:05:13+00:00,g2_gen2,e02071d3dde710a5,train_g2_equities5,-0.101787,12267
2026-07-20T01:05:14+00:00,g2_gen2,7b5aa0b3f6a8d413,train_g2_equities5,0.629449,12308
2026-07-20T01:05:15+00:00,g2_gen2,812b9963042269db,train_g2_equities5,-0.598949,12358
2026-07-20T01:05:19+00:00,g2_gen2,e02071d3dde710a5,train_g2_equities5,0.373982,12267
2026-07-20T01:05:21+00:00,g2_gen2,810e31bfc54ccc8c,train_g2_equities5,-0.823074,12349
2026-07-20T01:05:25+00:00,g2_gen2,e02071d3dde710a5,train_g2_equities5,0.531995,12267
2026-07-20T01:05:26+00:00,g2_gen2,936f84bdf2ac714c,train_g2_equities5,0.132798,12328
2026-07-20T01:05:28+00:00,g2_gen2,408fac88acbe4438,train_g2_equities5,-0.424613,12313
2026-07-20T01:05:30+00:00,g2_gen2,ddf612a98ada48c3,train_g2_equities5,nan,0
2026-07-20T01:05:31+00:00,g2_gen2,812b9963042269db,train_g2_equities5,-2.580666,12358
2026-07-20T01:05:33+00:00,g2_gen3,73929c91af1cfcd3,train_g2_equities5,-0.062621,12297
2026-07-20T01:05:37+00:00,g2_gen3,327e512fb0d35d71,train_g2_equities5,0.861748,12329
2026-07-20T01:05:41+00:00,g2_gen3,610995da8b16904f,train_g2_equities5,-1.462992,12338
2026-07-20T01:05:42+00:00,g2_gen3,881d4b7021f09b92,train_g2_equities5,0.258011,12313
2026-07-20T01:05:44+00:00,g2_gen3,56b45830941be1b5,train_g2_equities5,-1.099186,7872
2026-07-20T01:05:46+00:00,g2_gen3,881d4b7021f09b92,train_g2_equities5,-0.19031,12313
2026-07-20T01:05:47+00:00,g2_gen3,8176adae6aef2986,train_g2_equities5,-3.558384,12292
2026-07-20T01:05:49+00:00,g2_gen3,edb341f1da21e901,train_g2_equities5,0.263176,12307
2026-07-20T01:05:50+00:00,g2_gen3,37113c6aabebe542,train_g2_equities5,-4.533933,12358
2026-07-20T01:05:53+00:00,g2_gen3,36e5933118f1d4d7,train_g2_equities5,-3.497301,12286
2026-07-20T01:05:57+00:00,g2_gen3,a590a1835606de24,train_g2_equities5,-2.943588,12317
2026-07-20T01:05:59+00:00,g2_gen3,37113c6aabebe542,train_g2_equities5,-4.533933,12358
2026-07-20T01:06:01+00:00,g2_gen3,c623d1e2f6c368ff,train_g2_equities5,-0.564325,9302
2026-07-20T01:06:02+00:00,g2_gen3,76293d8a5f53ffc8,train_g2_equities5,-2.645502,12349
2026-07-20T01:06:04+00:00,g2_gen3,a9fe033c5217e1e4,train_g2_equities5,-0.097592,12337
2026-07-20T01:06:06+00:00,g2_gen3,ce389f8780023de0,train_g2_equities5,-0.526963,12258
2026-07-20T01:06:09+00:00,g2_gen3,6807ef3cf6c4a191,train_g2_equities5,0.900149,12267
2026-07-20T01:06:11+00:00,g2_gen3,3c6d9ba5fdaa9df9,train_g2_equities5,-1.692277,12350
2026-07-20T01:06:13+00:00,g2_gen3,edb341f1da21e901,train_g2_equities5,-0.637634,12307
2026-07-20T01:06:14+00:00,g2_gen3,2770e8b33c7a2851,train_g2_equities5,0.814391,12328
2026-07-20T01:06:16+00:00,g2_gen3,6807ef3cf6c4a191,train_g2_equities5,-0.292216,12267
2026-07-20T01:06:18+00:00,g2_gen3,610995da8b16904f,train_g2_equities5,-3.579666,12338
2026-07-20T01:06:20+00:00,g2_gen3,a99844019cbfdf03,train_g2_equities5,nan,0
2026-07-20T01:06:21+00:00,g2_gen3,2e34d4baa4b36cba,train_g2_equities5,0.06236,12308
2026-07-20T01:06:24+00:00,g2_gen3,bae9d1bcf93a9e76,train_g2_equities5,0.64969,12306
2026-07-20T01:06:26+00:00,g2_gen3,881d4b7021f09b92,train_g2_equities5,0.38639,12313
2026-07-20T01:06:28+00:00,g2_gen3,d638b69960b1f79f,train_g2_equities5,-1.428993,216
2026-07-20T01:06:29+00:00,g2_gen3,bae9d1bcf93a9e76,train_g2_equities5,0.020774,12306
2026-07-20T01:06:30+00:00,g2_gen3,bf8385ed7feda756,train_g2_equities5,-1.380289,12333
2026-07-20T01:06:33+00:00,g2_gen3,e787d33c623f08d9,train_g2_equities5,-0.176811,12355
2026-07-20T01:06:34+00:00,g2_gen3,a9fe033c5217e1e4,train_g2_equities5,-1.854334,12337
2026-07-20T01:06:37+00:00,g2_gen3,73929c91af1cfcd3,train_g2_equities5,-3.830612,12297
2026-07-20T01:06:39+00:00,g2_gen3,9538981a083d6989,train_g2_equities5,0.148231,12298
2026-07-20T01:06:40+00:00,g2_gen3,8429f8bac50f7436,train_g2_equities5,0.083098,12257
2026-07-20T01:06:42+00:00,g2_gen3,cc3465031404e43e,train_g2_equities5,-4.395935,12359
2026-07-20T01:06:43+00:00,g2_gen3,3f31b0a97f769464,train_g2_equities5,-0.319501,12354
2026-07-20T01:06:46+00:00,g2_gen3,3916a39b718ff67c,train_g2_equities5,-2.606248,12325
2026-07-20T01:06:49+00:00,g2_gen3,5d28cdd19c251ea9,train_g2_equities5,0.573435,12237
2026-07-20T01:06:50+00:00,g2_gen3,6807ef3cf6c4a191,train_g2_equities5,-0.2516,12267
2026-07-20T01:06:52+00:00,g2_gen3,312c417a03eea6f0,train_g2_equities5,0.036154,12324
2026-07-20T01:06:53+00:00,g2_gen3,a99844019cbfdf03,train_g2_equities5,nan,0
2026-07-20T01:06:54+00:00,g2_gen3,a9fe033c5217e1e4,train_g2_equities5,0.832734,12337
2026-07-20T01:06:56+00:00,g2_gen3,37113c6aabebe542,train_g2_equities5,-3.06984,12358
2026-07-20T01:06:57+00:00,g2_gen3,881d4b7021f09b92,train_g2_equities5,-1.448078,12313
2026-07-20T01:07:01+00:00,g2_gen3,26fd7de331917a29,train_g2_equities5,-1.819019,12340
2026-07-20T01:07:03+00:00,g2_gen3,9839ca0582669ded,train_g2_equities5,-0.643554,12266
2026-07-20T01:07:06+00:00,g2_gen3,312c417a03eea6f0,train_g2_equities5,0.826634,12324
2026-07-20T01:07:08+00:00,g2_gen3,62e8f69b3eac51e0,train_g2_equities5,-0.482951,12315
2026-07-20T01:07:11+00:00,g2_gen3,76293d8a5f53ffc8,train_g2_equities5,-2.734104,12349
2026-07-20T01:07:12+00:00,g2_gen3,c7edb9d46596bffa,train_g2_equities5,-2.550219,12296
2026-07-20T01:07:14+00:00,g2_gen3,312c417a03eea6f0,train_g2_equities5,-1.13624,12324
2026-07-20T01:07:16+00:00,g2_gen3,2770e8b33c7a2851,train_g2_equities5,0.684782,12328
2026-07-20T01:07:17+00:00,g2_gen3,20c655bb250a21c2,train_g2_equities5,-0.138724,12320
2026-07-20T01:07:19+00:00,g2_gen3,42dd504e3132337e,train_g2_equities5,-0.399872,12304
2026-07-20T01:07:20+00:00,g2_gen3,20c655bb250a21c2,train_g2_equities5,0.54717,12320
2026-07-20T01:07:22+00:00,g2_gen4,304278b2ef468054,train_g2_equities5,-3.105851,12337
2026-07-20T01:07:23+00:00,g2_gen4,ba2d1cffb397d0d0,train_g2_equities5,-2.662125,12308
2026-07-20T01:07:25+00:00,g2_gen4,d1b85fa7e615e2b9,train_g2_equities5,-1.683666,12354
2026-07-20T01:07:27+00:00,g2_gen4,0393b2d1c7a7a69d,train_g2_equities5,0.036154,12324
2026-07-20T01:07:29+00:00,g2_gen4,f870de5f126cdf15,train_g2_equities5,-2.792924,12358
2026-07-20T01:07:31+00:00,g2_gen4,04e8216f73991d4e,train_g2_equities5,-3.41722,12297
2026-07-20T01:07:32+00:00,g2_gen4,304278b2ef468054,train_g2_equities5,-1.126821,12337
2026-07-20T01:07:34+00:00,g2_gen4,d1b85fa7e615e2b9,train_g2_equities5,1.087363,12354
2026-07-20T01:07:36+00:00,g2_gen4,04e8216f73991d4e,train_g2_equities5,-3.040221,12297
2026-07-20T01:07:38+00:00,g2_gen4,6201039f9ca18120,train_g2_equities5,-4.019575,7886
2026-07-20T01:07:40+00:00,g2_gen4,d1b85fa7e615e2b9,train_g2_equities5,-1.175778,12354
2026-07-20T01:07:42+00:00,g2_gen4,a9df47898015d501,train_g2_equities5,-4.968375,12353
2026-07-20T01:07:44+00:00,g2_gen4,865e1f5529651f85,train_g2_equities5,-2.851799,11605
2026-07-20T01:07:45+00:00,g2_gen4,1ccd7b676f9fec4e,train_g2_equities5,0.665023,12328
2026-07-20T01:07:47+00:00,g2_gen4,e788fdc8f36a8ef2,train_g2_equities5,-3.222873,11474
2026-07-20T01:07:48+00:00,g2_gen4,c527e48c2f21af72,train_g2_equities5,0.698773,12338
2026-07-20T01:07:50+00:00,g2_gen4,5e32338d93a17e3d,train_g2_equities5,-1.04279,12355
2026-07-20T01:07:52+00:00,g2_gen4,e6dcf10cfffd001d,train_g2_equities5,-1.607437,3295
2026-07-20T01:07:54+00:00,g2_gen4,d75652757de182e5,train_g2_equities5,-1.72222,12329
2026-07-20T01:07:56+00:00,g2_gen4,d1b85fa7e615e2b9,train_g2_equities5,-3.067056,12354
2026-07-20T01:07:57+00:00,g2_gen4,f5d2fefb0513860c,train_g2_equities5,-2.659338,12333
2026-07-20T01:08:00+00:00,g2_gen4,d246d879772b091c,train_g2_equities5,nan,0
2026-07-20T01:08:01+00:00,g2_gen4,f5d2fefb0513860c,train_g2_equities5,-1.551005,12333
2026-07-20T01:08:03+00:00,g2_gen4,04e8216f73991d4e,train_g2_equities5,-3.773536,12297
2026-07-20T01:08:04+00:00,g2_gen4,c92a06020ee7bdad,train_g2_equities5,0.828224,12336
2026-07-20T01:08:06+00:00,g2_gen4,304278b2ef468054,train_g2_equities5,-4.368882,12337
2026-07-20T01:08:08+00:00,g2_gen4,674ffd3c6b7fe40f,train_g2_equities5,-0.404273,12334
2026-07-20T01:08:09+00:00,g2_gen4,04e8216f73991d4e,train_g2_equities5,-1.559519,12297
2026-07-20T01:08:11+00:00,g2_gen4,1ccd7b676f9fec4e,train_g2_equities5,0.793413,12328
2026-07-20T01:08:13+00:00,g2_gen4,96e5dc56f286ba44,train_g2_equities5,-4.395935,12359
2026-07-20T01:08:14+00:00,g2_gen4,152c5125ede5adcd,train_g2_equities5,0.334361,12012
2026-07-20T01:08:16+00:00,g2_gen4,d1b85fa7e615e2b9,train_g2_equities5,0.372321,12354
2026-07-20T01:08:18+00:00,g2_gen4,674ffd3c6b7fe40f,train_g2_equities5,0.082921,12334
2026-07-20T01:08:19+00:00,g2_gen4,04e8216f73991d4e,train_g2_equities5,-3.487055,12297
2026-07-20T01:08:21+00:00,g2_gen4,1ccd7b676f9fec4e,train_g2_equities5,-1.94577,12328
2026-07-20T01:08:22+00:00,g2_gen4,304278b2ef468054,train_g2_equities5,-2.218017,12337
2026-07-20T01:08:24+00:00,g2_gen4,e13e56673cd3f8dc,train_g2_equities5,-0.363911,12299
2026-07-20T01:08:25+00:00,g2_gen4,ff845e0ec0271ab4,train_g2_equities5,-1.689915,12356
2026-07-20T01:08:27+00:00,g2_gen4,d1b85fa7e615e2b9,train_g2_equities5,-2.599552,12354
2026-07-20T01:08:29+00:00,g2_gen4,3ed41003b9c9fa1a,train_g2_equities5,-2.303971,12350
2026-07-20T01:08:31+00:00,g2_gen4,afb7f7bb24de5f7d,train_g2_equities5,-2.005883,11217
2026-07-20T01:08:34+00:00,g2_gen4,04e8216f73991d4e,train_g2_equities5,-1.948148,12297
2026-07-20T01:08:35+00:00,g2_gen4,5f226c718133ff97,train_g2_equities5,-2.48154,30
2026-07-20T01:08:38+00:00,g2_gen4,304278b2ef468054,train_g2_equities5,-2.911816,12337
2026-07-20T01:08:40+00:00,g2_gen4,b6d06b23da76840a,train_g2_equities5,-3.156689,12307
2026-07-20T01:08:41+00:00,g2_gen4,04e8216f73991d4e,train_g2_equities5,0.692306,12297
2026-07-20T01:08:43+00:00,g2_gen4,04e8216f73991d4e,train_g2_equities5,-0.741969,12297
2026-07-20T01:08:45+00:00,g2_gen4,e2b2ddcb3519a478,train_g2_equities5,-3.51632,11623
2026-07-20T01:08:47+00:00,g2_gen4,5e32338d93a17e3d,train_g2_equities5,-1.63787,12355
2026-07-20T01:08:49+00:00,g2_gen4,a9df47898015d501,train_g2_equities5,-2.055515,12353
2026-07-20T01:08:51+00:00,g2_gen4,2344f6102383758a,train_g2_equities5,-1.262774,12327
2026-07-20T01:08:53+00:00,g2_gen5,ba2f5fcdb5eb423c,train_g2_equities5,-2.037748,12358
2026-07-20T01:08:54+00:00,g2_gen5,b904d53989dbc3cd,train_g2_equities5,nan,0
2026-07-20T01:08:55+00:00,g2_gen5,22088d67c763a3d3,train_g2_equities5,-1.654092,12338
2026-07-20T01:08:57+00:00,g2_gen5,22088d67c763a3d3,train_g2_equities5,-0.712501,12338
2026-07-20T01:08:58+00:00,g2_gen5,3f8f7b88bb0707f9,train_g2_equities5,-1.73111,12297
2026-07-20T01:09:02+00:00,g2_gen5,6ad8304583e197e1,train_g2_equities5,-0.830684,12319
2026-07-20T01:09:03+00:00,g2_gen5,a695108477762a27,train_g2_equities5,-0.476857,12328
2026-07-20T01:09:05+00:00,g2_gen5,049a26212eca7c73,train_g2_equities5,nan,15
2026-07-20T01:09:07+00:00,g2_gen5,85af1c5e9d1976cc,train_g2_equities5,-1.976572,12357
2026-07-20T01:09:08+00:00,g2_gen5,92a700a0394c3dfe,train_g2_equities5,-0.07563,12313
2026-07-20T01:09:10+00:00,g2_gen5,d7a5d9578c588a64,train_g2_equities5,-0.602955,9714
2026-07-20T01:09:11+00:00,g2_gen5,9b6c9d90c5c3a268,train_g2_equities5,-2.010368,11402
2026-07-20T01:09:13+00:00,g2_gen5,826a85b40fe7da62,train_g2_equities5,-0.434115,12353
2026-07-20T01:09:15+00:00,g2_gen5,22088d67c763a3d3,train_g2_equities5,-1.400213,12338
2026-07-20T01:09:16+00:00,g2_gen5,92a700a0394c3dfe,train_g2_equities5,-1.158628,12313
2026-07-20T01:09:19+00:00,g2_gen5,55a0b11c2eaddb0a,train_g2_equities5,-2.199888,12355
2026-07-20T01:09:21+00:00,g2_gen5,30de472503e7829f,train_g2_equities5,-0.510866,12345
2026-07-20T01:09:22+00:00,g2_gen5,9440df65bb9f34de,train_g2_equities5,-1.739456,12349
2026-07-20T01:09:24+00:00,g2_gen5,85af1c5e9d1976cc,train_g2_equities5,-4.688637,12357
2026-07-20T01:09:26+00:00,g2_gen5,ba2f5fcdb5eb423c,train_g2_equities5,-1.356576,12358
2026-07-20T01:09:27+00:00,g2_gen5,1a0ca6ae3bce6123,train_g2_equities5,-2.319349,12288
2026-07-20T01:09:29+00:00,g2_gen5,54dd246969b71667,train_g2_equities5,-3.337789,12336
2026-07-20T01:09:30+00:00,g2_gen5,85af1c5e9d1976cc,train_g2_equities5,-2.950782,12357
2026-07-20T01:09:32+00:00,g2_gen5,b904d53989dbc3cd,train_g2_equities5,nan,0
2026-07-20T01:09:33+00:00,g2_gen5,ba2f5fcdb5eb423c,train_g2_equities5,-1.244044,12358
2026-07-20T01:09:36+00:00,g2_gen5,3f8f7b88bb0707f9,train_g2_equities5,-3.581009,12297
2026-07-20T01:09:37+00:00,g2_gen5,55a0b11c2eaddb0a,train_g2_equities5,-1.299343,12355
2026-07-20T01:09:39+00:00,g2_gen5,eba1f9ba0865acf7,train_g2_equities5,-1.809375,11303
2026-07-20T01:09:41+00:00,g2_gen5,3fcc95bc482950e2,train_g2_equities5,-1.84673,12354
2026-07-20T01:09:43+00:00,g2_gen5,30de472503e7829f,train_g2_equities5,0.254898,12345
2026-07-20T01:09:44+00:00,g2_gen5,22088d67c763a3d3,train_g2_equities5,0.547548,12338
2026-07-20T01:09:45+00:00,g2_gen5,87da2de2fea76b25,train_g2_equities5,-0.542629,11716
2026-07-20T01:09:47+00:00,g2_gen5,22088d67c763a3d3,train_g2_equities5,-2.356969,12338
2026-07-20T01:09:48+00:00,g2_gen5,3ffdf8250c45f28b,train_g2_equities5,-1.223567,12332
2026-07-20T01:09:51+00:00,g2_gen5,b904d53989dbc3cd,train_g2_equities5,nan,0
2026-07-20T01:09:52+00:00,g2_gen5,e05dc1bc50aea6c4,train_g2_equities5,-0.350343,12266
2026-07-20T01:09:54+00:00,g2_gen5,c484dc09037b44c8,train_g2_equities5,-2.273526,12295
2026-07-20T01:09:55+00:00,g2_gen5,a695108477762a27,train_g2_equities5,-0.101005,12328
2026-07-20T01:09:56+00:00,g2_gen5,ba2f5fcdb5eb423c,train_g2_equities5,-2.687012,12358
2026-07-20T01:09:58+00:00,g2_gen5,1d56d271847a04f5,train_g2_equities5,nan,10
2026-07-20T01:10:00+00:00,g2_gen5,cc3747984ba4f883,train_g2_equities5,0.67195,12359
2026-07-20T01:10:01+00:00,g2_gen5,8ebc8d40f88fda76,train_g2_equities5,-2.150635,12352
2026-07-20T01:10:03+00:00,g2_gen5,3f8f7b88bb0707f9,train_g2_equities5,-3.661641,12297
2026-07-20T01:10:05+00:00,g2_gen5,22088d67c763a3d3,train_g2_equities5,-4.055871,12338
2026-07-20T01:10:07+00:00,g2_gen6,37a196f90007e9d1,train_g2_equities5,-0.543865,12286
2026-07-20T01:10:09+00:00,g2_gen6,40eaa459e9c2c234,train_g2_equities5,nan,0
2026-07-20T01:10:10+00:00,g2_gen6,f7522b4d1f1085dc,train_g2_equities5,-2.428299,12329
2026-07-20T01:10:12+00:00,g2_gen6,0616160d92cf083e,train_g2_equities5,-0.792147,12358
2026-07-20T01:10:14+00:00,g2_gen6,c20d8c5d549878d5,train_g2_equities5,-2.080816,12288
2026-07-20T01:10:17+00:00,g2_gen6,f7522b4d1f1085dc,train_g2_equities5,-4.309045,12329
2026-07-20T01:10:20+00:00,g2_gen6,c9d825cd7fa5451e,train_g2_equities5,-0.901576,12327
2026-07-20T01:10:22+00:00,g2_gen6,b181b52ac70941cf,train_g2_equities5,-3.678771,12296
2026-07-20T01:10:24+00:00,g2_gen6,36516438c6174e53,train_g2_equities5,-2.866415,12297
2026-07-20T01:10:27+00:00,g2_gen6,a37f12cd2d6ea537,train_g2_equities5,-3.292738,95
2026-07-20T01:10:29+00:00,g2_gen6,46403e22fb2e9006,train_g2_equities5,-2.153663,12349
2026-07-20T01:10:31+00:00,g2_gen6,3ecc0ca75366bbf5,train_g2_equities5,-4.173732,7880
2026-07-20T01:10:34+00:00,g2_gen6,0a62b7aacb89e6ac,train_g2_equities5,-3.133081,12283
2026-07-20T01:10:36+00:00,g2_gen6,33c188bdf591b09f,train_g2_equities5,0.466803,12313
2026-07-20T01:10:38+00:00,g2_gen6,14b79626682a7f13,train_g2_equities5,nan,5
2026-07-20T01:10:39+00:00,g2_gen6,65bd39d9f4cf1b64,train_g2_equities5,0.400927,12337
2026-07-20T01:10:40+00:00,g2_gen6,886b54318d611ff3,train_g2_equities5,-3.605237,12354
2026-07-20T01:10:42+00:00,g2_gen6,7c9830ab89fce0e6,train_g2_equities5,0.343219,12338
2026-07-20T01:10:44+00:00,g2_gen6,6f16233f014893ea,train_g2_equities5,-2.681195,12293
2026-07-20T01:10:47+00:00,g2_gen6,4199a3189673b1a3,train_g2_equities5,-1.710315,12265
2026-07-20T01:10:49+00:00,g2_gen6,a6bf29484d1f9a4d,train_g2_equities5,-1.114744,460
2026-07-20T01:10:50+00:00,g2_gen6,36516438c6174e53,train_g2_equities5,-3.41722,12297
2026-07-20T01:10:52+00:00,g2_gen6,0616160d92cf083e,train_g2_equities5,-0.496643,12358
2026-07-20T01:10:53+00:00,g2_gen6,36516438c6174e53,train_g2_equities5,-1.091414,12297
2026-07-20T01:10:55+00:00,g2_gen6,522e2f80716103ee,train_g2_equities5,-0.26648,12267
2026-07-20T01:10:56+00:00,g2_gen6,46403e22fb2e9006,train_g2_equities5,-2.927724,12349
2026-07-20T01:17:23+00:00,g2_gen0,128631991fd68a74,train_g2_etf5,-1.785697,4961
2026-07-20T01:17:24+00:00,g2_gen0,1b58d25b9ee7eea5,train_g2_etf5,-1.561938,5005
2026-07-20T01:17:24+00:00,g2_gen0,4cdd4459bd3e240f,train_g2_etf5,-1.656992,5033
2026-07-20T01:17:24+00:00,g2_gen0,abdd24b64e161ecd,train_g2_etf5,-1.80445,4974
2026-07-20T01:17:24+00:00,g2_gen0,3041deef07c7460f,train_g2_etf5,-0.702443,5015
2026-07-20T01:17:24+00:00,g2_gen0,d040e55ce7f8ed45,train_g2_etf5,-1.610608,5035
2026-07-20T01:17:24+00:00,g2_gen0,abdd24b64e161ecd,train_g2_etf5,-0.549404,4974
2026-07-20T01:17:24+00:00,g2_gen0,92bf512a74c10439,train_g2_etf5,-1.270782,4969
2026-07-20T01:17:24+00:00,g2_gen0,4cbcdba337c91498,train_g2_etf5,-1.253937,4578
2026-07-20T01:17:24+00:00,g2_gen0,6aca1dd90219ab02,train_g2_etf5,nan,0
2026-07-20T01:17:24+00:00,g2_gen0,9432d794a6f35586,train_g2_etf5,nan,5
2026-07-20T01:17:24+00:00,g2_gen0,d040e55ce7f8ed45,train_g2_etf5,-0.314653,5035
2026-07-20T01:17:25+00:00,g2_gen0,260f6c79a97fe340,train_g2_etf5,0.008785,4965
2026-07-20T01:17:25+00:00,g2_gen0,c8962be9777feb6c,train_g2_etf5,-1.118359,5014
2026-07-20T01:17:25+00:00,g2_gen0,3041deef07c7460f,train_g2_etf5,0.181323,5015
2026-07-20T01:17:25+00:00,g2_gen0,d040e55ce7f8ed45,train_g2_etf5,-0.178325,5035
2026-07-20T01:17:25+00:00,g2_gen0,53a71a4ebbdfd818,train_g2_etf5,-1.66356,5036
2026-07-20T01:17:25+00:00,g2_gen0,d040e55ce7f8ed45,train_g2_etf5,-1.965297,5035
2026-07-20T01:17:25+00:00,g2_gen0,6aca1dd90219ab02,train_g2_etf5,nan,0
2026-07-20T01:17:25+00:00,g2_gen0,9e6c0008c6ebbb66,train_g2_etf5,-1.327649,4184
2026-07-20T01:17:25+00:00,g2_gen0,3041deef07c7460f,train_g2_etf5,-0.098516,5015
2026-07-20T01:17:25+00:00,g2_gen0,3041deef07c7460f,train_g2_etf5,-0.79554,5015
2026-07-20T01:17:25+00:00,g2_gen0,3041deef07c7460f,train_g2_etf5,-0.361103,5015
2026-07-20T01:17:26+00:00,g2_gen0,260f6c79a97fe340,train_g2_etf5,-0.026584,4965
2026-07-20T01:17:26+00:00,g2_gen0,6abd405c7ec966b1,train_g2_etf5,-0.803134,5023
2026-07-20T01:17:26+00:00,g2_gen0,53a71a4ebbdfd818,train_g2_etf5,0.138043,5036
2026-07-20T01:17:26+00:00,g2_gen0,09c3021555cdbd56,train_g2_etf5,-1.202266,4984
2026-07-20T01:17:26+00:00,g2_gen0,8039107e98a6adc1,train_g2_etf5,-2.440592,4962
2026-07-20T01:17:26+00:00,g2_gen0,c8962be9777feb6c,train_g2_etf5,-1.092565,5014
2026-07-20T01:17:26+00:00,g2_gen0,7242e5656709aabe,train_g2_etf5,-1.686549,5034
2026-07-20T01:17:26+00:00,g2_gen0,79b2042f174897da,train_g2_etf5,-1.295536,5031
2026-07-20T01:17:26+00:00,g2_gen0,abdd24b64e161ecd,train_g2_etf5,-0.444108,4974
2026-07-20T01:17:27+00:00,g2_gen0,487af5df15fa35d6,train_g2_etf5,-0.328624,4985
2026-07-20T01:17:27+00:00,g2_gen0,911841e7bad2996f,train_g2_etf5,-0.60242,4206
2026-07-20T01:17:27+00:00,g2_gen0,abdd24b64e161ecd,train_g2_etf5,-2.359329,4974
2026-07-20T01:17:27+00:00,g2_gen0,999cdb078f393768,train_g2_etf5,-0.547197,5032
2026-07-20T01:17:27+00:00,g2_gen0,6aca1dd90219ab02,train_g2_etf5,nan,0
2026-07-20T01:17:27+00:00,g2_gen0,7242e5656709aabe,train_g2_etf5,-0.091823,5034
2026-07-20T01:17:27+00:00,g2_gen0,abdd24b64e161ecd,train_g2_etf5,-0.523229,4974
2026-07-20T01:17:27+00:00,g2_gen0,53a71a4ebbdfd818,train_g2_etf5,0.138043,5036
2026-07-20T01:17:27+00:00,g2_gen0,abdd24b64e161ecd,train_g2_etf5,-1.722602,4974
2026-07-20T01:17:27+00:00,g2_gen0,3041deef07c7460f,train_g2_etf5,-1.480422,5015
2026-07-20T01:17:28+00:00,g2_gen0,067f8a108f63717f,train_g2_etf5,-1.427971,5021
2026-07-20T01:17:28+00:00,g2_gen0,c084f110311383f0,train_g2_etf5,-1.014186,4953
2026-07-20T01:17:28+00:00,g2_gen0,d040e55ce7f8ed45,train_g2_etf5,-1.415953,5035
2026-07-20T01:17:28+00:00,g2_gen0,1f5590b31784c554,train_g2_etf5,-2.040091,4943
2026-07-20T01:17:28+00:00,g2_gen0,d040e55ce7f8ed45,train_g2_etf5,-1.003694,5035
2026-07-20T01:17:28+00:00,g2_gen0,3041deef07c7460f,train_g2_etf5,-1.221953,5015
2026-07-20T01:17:28+00:00,g2_gen0,3041deef07c7460f,train_g2_etf5,-1.107974,5015
2026-07-20T01:17:28+00:00,g2_gen0,d040e55ce7f8ed45,train_g2_etf5,-1.795894,5035
2026-07-20T01:17:28+00:00,g2_gen0,797024b3e6e07f3c,train_g2_etf5,-2.101614,4972
2026-07-20T01:17:28+00:00,g2_gen0,50804bb8cae34a5e,train_g2_etf5,-0.87714,4474
2026-07-20T01:17:29+00:00,g2_gen0,797024b3e6e07f3c,train_g2_etf5,-0.711736,4972
2026-07-20T01:17:29+00:00,g2_gen0,7242e5656709aabe,train_g2_etf5,-1.388862,5034
2026-07-20T01:17:29+00:00,g2_gen0,487af5df15fa35d6,train_g2_etf5,0.092389,4985
2026-07-20T01:17:29+00:00,g2_gen0,abdd24b64e161ecd,train_g2_etf5,-2.265552,4974
2026-07-20T01:17:29+00:00,g2_gen0,4e4fc185b2f2615e,train_g2_etf5,-0.560269,4939
2026-07-20T01:17:29+00:00,g2_gen0,6266d0e103919750,train_g2_etf5,-0.527978,5029
2026-07-20T01:17:29+00:00,g2_gen0,5847a8860d956d6c,train_g2_etf5,0.212887,5006
2026-07-20T01:17:29+00:00,g2_gen0,3a41a325b3ffcc23,train_g2_etf5,0.152471,5016
2026-07-20T01:17:29+00:00,g2_gen0,9fad58ccb3462adf,train_g2_etf5,-0.963355,5004
2026-07-20T01:17:29+00:00,g2_gen0,e321c49dcf46313b,train_g2_etf5,-0.640098,5026
2026-07-20T01:17:30+00:00,g2_gen0,abdd24b64e161ecd,train_g2_etf5,-1.322365,4974
2026-07-20T01:17:30+00:00,g2_gen0,a743a3df4680ffc5,train_g2_etf5,-1.299083,4673
2026-07-20T01:17:30+00:00,g2_gen0,c8962be9777feb6c,train_g2_etf5,-0.91893,5014
2026-07-20T01:17:30+00:00,g2_gen0,dfbfe4731649b8ae,train_g2_etf5,-0.294026,5025
2026-07-20T01:17:30+00:00,g2_gen0,902d2e7464533b08,train_g2_etf5,nan,20
2026-07-20T01:17:30+00:00,g2_gen0,1b58d25b9ee7eea5,train_g2_etf5,-0.295127,5005
2026-07-20T01:17:30+00:00,g2_gen0,53a71a4ebbdfd818,train_g2_etf5,-0.531123,5036
2026-07-20T01:17:30+00:00,g2_gen0,403e95d1a8d88a34,train_g2_etf5,-1.437548,5019
2026-07-20T01:17:30+00:00,g2_gen0,3041deef07c7460f,train_g2_etf5,-0.54314,5015
2026-07-20T01:17:31+00:00,g2_gen0,5847a8860d956d6c,train_g2_etf5,-0.782828,5006
2026-07-20T01:17:31+00:00,g2_gen0,d040e55ce7f8ed45,train_g2_etf5,0.186127,5035
2026-07-20T01:17:31+00:00,g2_gen0,6aca1dd90219ab02,train_g2_etf5,nan,0
2026-07-20T01:17:31+00:00,g2_gen0,79b2042f174897da,train_g2_etf5,0.352675,5031
2026-07-20T01:17:31+00:00,g2_gen0,b2e6198420b70f12,train_g2_etf5,-1.284688,5022
2026-07-20T01:17:31+00:00,g2_gen0,53a71a4ebbdfd818,train_g2_etf5,-1.943182,5036
2026-07-20T01:17:31+00:00,g2_gen1,77d32f159055a9f9,train_g2_etf5,0.190827,4985
2026-07-20T01:17:31+00:00,g2_gen1,db4161611fc72f54,train_g2_etf5,nan,0
2026-07-20T01:17:31+00:00,g2_gen1,217257f1ca303f31,train_g2_etf5,-0.78384,5015
2026-07-20T01:17:31+00:00,g2_gen1,46e7ad429f51cc77,train_g2_etf5,-0.053923,5025
2026-07-20T01:17:31+00:00,g2_gen1,83dc990d0fa3cdee,train_g2_etf5,0.046657,4944
2026-07-20T01:17:32+00:00,g2_gen1,2dd3735a193b861d,train_g2_etf5,-0.91513,5014
2026-07-20T01:17:32+00:00,g2_gen1,6e9fc6957822caa5,train_g2_etf5,-1.796635,5035
2026-07-20T01:17:32+00:00,g2_gen1,d7e85ee7a8427fca,train_g2_etf5,0.132547,5036
2026-07-20T01:17:32+00:00,g2_gen1,35250b604d45053f,train_g2_etf5,-0.130056,5031
2026-07-20T01:17:32+00:00,g2_gen1,6e9fc6957822caa5,train_g2_etf5,0.164173,5035
2026-07-20T01:17:32+00:00,g2_gen1,46e7ad429f51cc77,train_g2_etf5,0.159362,5025
2026-07-20T01:17:32+00:00,g2_gen1,a2d04ab4ff9ba152,train_g2_etf5,-2.049926,4974
2026-07-20T01:17:32+00:00,g2_gen1,db4161611fc72f54,train_g2_etf5,nan,0
2026-07-20T01:17:32+00:00,g2_gen1,46e7ad429f51cc77,train_g2_etf5,-1.060366,5025
2026-07-20T01:17:33+00:00,g2_gen1,6e9fc6957822caa5,train_g2_etf5,-0.433172,5035
2026-07-20T01:17:33+00:00,g2_gen1,2dd3735a193b861d,train_g2_etf5,-0.024374,5014
2026-07-20T01:17:33+00:00,g2_gen1,6e9fc6957822caa5,train_g2_etf5,0.003049,5035
2026-07-20T01:17:33+00:00,g2_gen1,6c4c9a6059fcf219,train_g2_etf5,0.186422,5027
2026-07-20T01:17:33+00:00,g2_gen1,46e7ad429f51cc77,train_g2_etf5,-0.42077,5025
2026-07-20T01:17:33+00:00,g2_gen1,eb322afa8209fd05,train_g2_etf5,-0.732468,4943
2026-07-20T01:17:33+00:00,g2_gen1,31e3dde0641282e8,train_g2_etf5,-0.936501,4973
2026-07-20T01:17:33+00:00,g2_gen1,a10177a8e12eb109,train_g2_etf5,-0.14335,4969
2026-07-20T01:17:33+00:00,g2_gen1,783f43c3380c2ef7,train_g2_etf5,-0.518013,5034
2026-07-20T01:17:34+00:00,g2_gen1,a2d04ab4ff9ba152,train_g2_etf5,-1.617464,4974
2026-07-20T01:17:34+00:00,g2_gen1,6b852df36ca89c38,train_g2_etf5,0.152718,5006
2026-07-20T01:17:34+00:00,g2_gen1,2dd3735a193b861d,train_g2_etf5,0.172866,5014
2026-07-20T01:17:34+00:00,g2_gen1,35250b604d45053f,train_g2_etf5,-0.920164,5031
2026-07-20T01:17:34+00:00,g2_gen1,1e8cfadd580d050a,train_g2_etf5,-1.301451,5001
2026-07-20T01:17:34+00:00,g2_gen1,20858c1709dc6374,train_g2_etf5,0.203401,4970
2026-07-20T01:17:34+00:00,g2_gen1,35250b604d45053f,train_g2_etf5,-1.110717,5031
2026-07-20T01:17:34+00:00,g2_gen1,1fa2e186efbf8ccf,train_g2_etf5,-0.303357,5005
2026-07-20T01:17:34+00:00,g2_gen1,35250b604d45053f,train_g2_etf5,-0.130056,5031
2026-07-20T01:17:34+00:00,g2_gen1,35250b604d45053f,train_g2_etf5,0.038509,5031
2026-07-20T01:17:34+00:00,g2_gen1,783f43c3380c2ef7,train_g2_etf5,-1.619155,5034
2026-07-20T01:17:35+00:00,g2_gen1,461872741c8b8b08,train_g2_etf5,-0.489114,5017
2026-07-20T01:17:35+00:00,g2_gen1,77d32f159055a9f9,train_g2_etf5,-1.047878,4985
2026-07-20T01:17:35+00:00,g2_gen1,6c4c9a6059fcf219,train_g2_etf5,-1.217884,5027
2026-07-20T01:17:35+00:00,g2_gen1,35250b604d45053f,train_g2_etf5,-0.10145,5031
2026-07-20T01:17:35+00:00,g2_gen1,dd737d048bc9ce2c,train_g2_etf5,-1.254959,4997
2026-07-20T01:17:35+00:00,g2_gen1,b49bd8bd34d10713,train_g2_etf5,-1.411717,5030
2026-07-20T01:17:35+00:00,g2_gen1,77d32f159055a9f9,train_g2_etf5,-0.248602,4985
2026-07-20T01:17:35+00:00,g2_gen1,71199be3a6463f35,train_g2_etf5,-0.969565,5033
2026-07-20T01:17:36+00:00,g2_gen1,f9e3ba916b138b68,train_g2_etf5,-0.419511,4965
2026-07-20T01:17:36+00:00,g2_gen1,6e9fc6957822caa5,train_g2_etf5,0.143512,5035
2026-07-20T01:17:36+00:00,g2_gen1,6e9fc6957822caa5,train_g2_etf5,-0.590818,5035
2026-07-20T01:17:36+00:00,g2_gen1,6c4c9a6059fcf219,train_g2_etf5,-0.671864,5027
2026-07-20T01:17:36+00:00,g2_gen1,47d5b000fd21b27f,train_g2_etf5,0.182443,5022
2026-07-20T01:17:36+00:00,g2_gen1,407a9e1b186fc1a5,train_g2_etf5,-1.140619,5028
2026-07-20T01:17:36+00:00,g2_gen2,72e22ec44e83fca6,train_g2_etf5,-0.005832,5026
2026-07-20T01:17:36+00:00,g2_gen2,a359979faff4a0e5,train_g2_etf5,-0.176734,5006
2026-07-20T01:17:36+00:00,g2_gen2,a60198d0bff6b3b8,train_g2_etf5,-1.295536,5031
2026-07-20T01:17:36+00:00,g2_gen2,32505d06985eb81e,train_g2_etf5,0.115107,5001
2026-07-20T01:17:37+00:00,g2_gen2,bcde07abd245a80a,train_g2_etf5,-1.767084,5005
2026-07-20T01:17:37+00:00,g2_gen2,1b93d55782ecfbd8,train_g2_etf5,-0.573151,5030
2026-07-20T01:17:37+00:00,g2_gen2,20f828402849803c,train_g2_etf5,-0.561782,5034
2026-07-20T01:17:37+00:00,g2_gen2,b51ffc980e157e01,train_g2_etf5,-0.927062,4976
2026-07-20T01:17:37+00:00,g2_gen2,ada6f008b18bff9d,train_g2_etf5,-1.067223,5029
2026-07-20T01:17:37+00:00,g2_gen2,20f828402849803c,train_g2_etf5,-0.01596,5034
2026-07-20T01:17:37+00:00,g2_gen2,33c83a29f20f53a8,train_g2_etf5,-0.009387,5015
2026-07-20T01:17:37+00:00,g2_gen2,3ebc834585e474c0,train_g2_etf5,-1.097402,4300
2026-07-20T01:17:38+00:00,g2_gen2,b4acc2114d270676,train_g2_etf5,-0.13484,4974
2026-07-20T01:17:38+00:00,g2_gen2,95a61a81730ce1b3,train_g2_etf5,0.228047,4975
2026-07-20T01:17:38+00:00,g2_gen2,98a968ab6e214145,train_g2_etf5,-1.965297,5035
2026-07-20T01:17:38+00:00,g2_gen2,1b93d55782ecfbd8,train_g2_etf5,0.258568,5030
2026-07-20T01:17:38+00:00,g2_gen2,a60198d0bff6b3b8,train_g2_etf5,-1.266829,5031
2026-07-20T01:17:38+00:00,g2_gen2,a63dc4c77fb2a79d,train_g2_etf5,-1.079129,4953
2026-07-20T01:17:38+00:00,g2_gen2,bcde07abd245a80a,train_g2_etf5,-1.644801,5005
2026-07-20T01:17:38+00:00,g2_gen2,dfac5a49c2600e35,train_g2_etf5,-0.261218,5014
2026-07-20T01:17:38+00:00,g2_gen2,33c83a29f20f53a8,train_g2_etf5,-1.459518,5015
2026-07-20T01:17:39+00:00,g2_gen2,6f99cb72b49019c8,train_g2_etf5,-0.44244,4473
2026-07-20T01:17:39+00:00,g2_gen2,afc8930ea5d57938,train_g2_etf5,nan,0
2026-07-20T01:17:39+00:00,g2_gen2,b4acc2114d270676,train_g2_etf5,-1.480779,4974
2026-07-20T01:17:39+00:00,g2_gen2,f519ade92ffd4858,train_g2_etf5,0.028351,5018
2026-07-20T01:17:39+00:00,g2_gen2,b4acc2114d270676,train_g2_etf5,-0.504293,4974
2026-07-20T01:17:39+00:00,g2_gen2,a359979faff4a0e5,train_g2_etf5,-0.262978,5006
2026-07-20T01:17:39+00:00,g2_gen2,bcde07abd245a80a,train_g2_etf5,-0.114324,5005
2026-07-20T01:17:39+00:00,g2_gen2,b4acc2114d270676,train_g2_etf5,-1.202015,4974
2026-07-20T01:17:39+00:00,g2_gen2,c1c798eae5ce08eb,train_g2_etf5,0.214652,4980
2026-07-20T01:17:39+00:00,g2_gen2,33c83a29f20f53a8,train_g2_etf5,-0.040555,5015
2026-07-20T01:17:40+00:00,g2_gen2,dfac5a49c2600e35,train_g2_etf5,0.215957,5014
2026-07-20T01:17:40+00:00,g2_gen2,a60198d0bff6b3b8,train_g2_etf5,-0.344162,5031
2026-07-20T01:17:40+00:00,g2_gen2,afc8930ea5d57938,train_g2_etf5,nan,0
2026-07-20T01:17:40+00:00,g2_gen2,47a1f7120adc9d1a,train_g2_etf5,-1.163323,5003
2026-07-20T01:17:40+00:00,g2_gen2,2c0e670532358e11,train_g2_etf5,-0.718204,4973
2026-07-20T01:17:40+00:00,g2_gen2,3ff676556e82db95,train_g2_etf5,-1.110133,4965
2026-07-20T01:17:40+00:00,g2_gen2,b4acc2114d270676,train_g2_etf5,-0.907838,4974
2026-07-20T01:17:40+00:00,g2_gen2,afc8930ea5d57938,train_g2_etf5,nan,0
2026-07-20T01:17:40+00:00,g2_gen2,2c0e670532358e11,train_g2_etf5,-1.11287,4973
2026-07-20T01:17:40+00:00,g2_gen3,7ed404158af80f91,train_g2_etf5,0.162649,5027
2026-07-20T01:17:41+00:00,g2_gen3,7c2ba073ed44ebf6,train_g2_etf5,-1.51118,5029
2026-07-20T01:17:41+00:00,g2_gen3,368e0ac9353b306f,train_g2_etf5,-0.589824,4974
2026-07-20T01:17:41+00:00,g2_gen3,368ec311bc41175b,train_g2_etf5,-0.643257,5014
2026-07-20T01:17:41+00:00,g2_gen3,99bd42a4ee935ae5,train_g2_etf5,nan,0
2026-07-20T01:17:41+00:00,g2_gen3,847cc422b790a852,train_g2_etf5,-1.576581,5015
2026-07-20T01:17:41+00:00,g2_gen3,d8f5c38e7ca6b0ca,train_g2_etf5,0.312582,4985
2026-07-20T01:17:41+00:00,g2_gen3,4c26c51250cf7146,train_g2_etf5,-1.031238,5025
2026-07-20T01:17:41+00:00,g2_gen3,ba7a787466be48e1,train_g2_etf5,-1.791695,5034
2026-07-20T01:17:41+00:00,g2_gen3,368ec311bc41175b,train_g2_etf5,0.215957,5014
2026-07-20T01:17:41+00:00,g2_gen3,c2e1b00357ddcba0,train_g2_etf5,-0.640406,5001
2026-07-20T01:17:41+00:00,g2_gen3,9061db297e1d2a52,train_g2_etf5,0.145741,4991
2026-07-20T01:17:42+00:00,g2_gen3,99bd42a4ee935ae5,train_g2_etf5,nan,0
2026-07-20T01:17:42+00:00,g2_gen3,9402726ec8fc53bc,train_g2_etf5,-0.971182,4608
2026-07-20T01:17:42+00:00,g2_gen3,99bd42a4ee935ae5,train_g2_etf5,nan,0
2026-07-20T01:17:42+00:00,g2_gen3,58e02a8453f6c716,train_g2_etf5,-1.285454,4476
2026-07-20T01:17:42+00:00,g2_gen3,f17876616903dfce,train_g2_etf5,0.168664,4940
2026-07-20T01:17:42+00:00,g2_gen3,368e0ac9353b306f,train_g2_etf5,-0.809043,4974
2026-07-20T01:17:42+00:00,g2_gen3,2c0a0c2c5a7dcef6,train_g2_etf5,-0.172297,4446
2026-07-20T01:17:42+00:00,g2_gen3,c8edaa57f3ec358e,train_g2_etf5,-1.135946,5013
2026-07-20T01:17:43+00:00,g2_gen3,d8f5c38e7ca6b0ca,train_g2_etf5,0.246537,4985
2026-07-20T01:17:43+00:00,g2_gen3,c61d2d5b48fd4b80,train_g2_etf5,-0.57439,5012
2026-07-20T01:17:43+00:00,g2_gen3,368e0ac9353b306f,train_g2_etf5,-0.509273,4974
2026-07-20T01:17:43+00:00,g2_gen3,368e0ac9353b306f,train_g2_etf5,-0.908565,4974
2026-07-20T01:17:43+00:00,g2_gen3,60c0e821a1be4dfa,train_g2_etf5,0.11066,5006
2026-07-20T01:17:43+00:00,g2_gen3,ba7a787466be48e1,train_g2_etf5,-1.412956,5034
2026-07-20T01:17:43+00:00,g2_gen3,e2dec46803806bba,train_g2_etf5,-0.48217,4296
2026-07-20T01:17:43+00:00,g2_gen3,ba7a787466be48e1,train_g2_etf5,-1.837923,5034
2026-07-20T01:17:43+00:00,g2_gen3,323702ed7e09c3c8,train_g2_etf5,-0.705849,5035
2026-07-20T01:17:43+00:00,g2_gen3,7ed404158af80f91,train_g2_etf5,-0.3366,5027
2026-07-20T01:17:44+00:00,g2_gen3,d8f5c38e7ca6b0ca,train_g2_etf5,-1.631899,4985
2026-07-20T01:17:44+00:00,g2_gen3,fbdc1acf7486089c,train_g2_etf5,-0.378286,5026
2026-07-20T01:17:44+00:00,g2_gen3,29de2420c8ca85dd,train_g2_etf5,0.186446,4996
2026-07-20T01:17:44+00:00,g2_gen3,368e0ac9353b306f,train_g2_etf5,-0.495714,4974
2026-07-20T01:17:44+00:00,g2_gen3,847cc422b790a852,train_g2_etf5,-0.901822,5015
2026-07-20T01:17:44+00:00,g2_gen3,a059929868851ce8,train_g2_etf5,-1.351749,4970
2026-07-20T01:17:44+00:00,g2_gen3,9061db297e1d2a52,train_g2_etf5,0.137746,4991
2026-07-20T01:17:44+00:00,g2_gen3,847cc422b790a852,train_g2_etf5,-0.776656,5015
2026-07-20T01:17:44+00:00,g2_gen3,54916c15b81f239b,train_g2_etf5,-1.295536,5031
2026-07-20T01:17:44+00:00,g2_gen3,323702ed7e09c3c8,train_g2_etf5,0.164173,5035
2026-07-20T01:17:45+00:00,g2_gen3,7ed404158af80f91,train_g2_etf5,0.148078,5027
2026-07-20T01:17:45+00:00,g2_gen3,ba7a787466be48e1,train_g2_etf5,0.079949,5034
2026-07-20T01:17:45+00:00,g2_gen3,d6710ce9d380dedb,train_g2_etf5,0.228047,4975
2026-07-20T01:17:45+00:00,g2_gen3,65bf32f25c796c17,train_g2_etf5,-0.808687,5008
2026-07-20T01:17:45+00:00,g2_gen3,ba7a787466be48e1,train_g2_etf5,0.174335,5034
2026-07-20T01:17:45+00:00,g2_gen3,c8edaa57f3ec358e,train_g2_etf5,-2.491772,5013
2026-07-20T01:17:45+00:00,g2_gen4,4f56ffadec29625a,train_g2_etf5,0.172953,4955
2026-07-20T01:17:45+00:00,g2_gen4,0d0298b6e8b1bccf,train_g2_etf5,-1.971614,4974
2026-07-20T01:17:45+00:00,g2_gen4,2b943ac333f64d28,train_g2_etf5,-1.092025,5030
2026-07-20T01:17:45+00:00,g2_gen4,0abdb43f45ff3a05,train_g2_etf5,-1.442016,4865
2026-07-20T01:17:45+00:00,g2_gen4,e9e8202de77e3e20,train_g2_etf5,-2.053376,5011
2026-07-20T01:17:46+00:00,g2_gen4,685669707dddbcaa,train_g2_etf5,-1.632529,5031
2026-07-20T01:17:46+00:00,g2_gen4,807bbbe7619a9083,train_g2_etf5,-0.798401,5021
2026-07-20T01:17:46+00:00,g2_gen4,a96b20675358981b,train_g2_etf5,0.196148,5013
2026-07-20T01:17:46+00:00,g2_gen4,a116d081062369c9,train_g2_etf5,-1.089435,4983
2026-07-20T01:17:46+00:00,g2_gen4,2b943ac333f64d28,train_g2_etf5,-1.150459,5030
2026-07-20T01:17:46+00:00,g2_gen4,7334244a871eba3c,train_g2_etf5,-1.110212,5034
2026-07-20T01:17:46+00:00,g2_gen4,85f327226b59e843,train_g2_etf5,-0.291287,4979
2026-07-20T01:17:46+00:00,g2_gen4,7334244a871eba3c,train_g2_etf5,-1.250868,5034
2026-07-20T01:17:46+00:00,g2_gen4,51623f5fbbe2ebf0,train_g2_etf5,-0.808808,5029
2026-07-20T01:17:47+00:00,g2_gen4,6ff2e4291a010a25,train_g2_etf5,-1.213293,4996
2026-07-20T01:17:47+00:00,g2_gen4,3b3d7c0239560f85,train_g2_etf5,-0.400598,4474
2026-07-20T01:17:47+00:00,g2_gen4,6f4f812cf797fc24,train_g2_etf5,-0.63871,5035
2026-07-20T01:17:47+00:00,g2_gen4,720a36249915e9b8,train_g2_etf5,-0.71618,5014
2026-07-20T01:17:47+00:00,g2_gen4,88587636bbff9fcd,train_g2_etf5,-1.089308,5024
2026-07-20T01:17:47+00:00,g2_gen4,720a36249915e9b8,train_g2_etf5,-0.480388,5014
2026-07-20T01:17:47+00:00,g2_gen4,dd1eb5053358622b,train_g2_etf5,-0.407345,4980
2026-07-20T01:17:47+00:00,g2_gen4,2b943ac333f64d28,train_g2_etf5,-0.027288,5030
2026-07-20T01:17:47+00:00,g2_gen4,1947bd3d816b748d,train_g2_etf5,0.212574,5003
2026-07-20T01:17:47+00:00,g2_gen4,3d9da32e9473e3a8,train_g2_etf5,0.225973,5001
2026-07-20T01:17:47+00:00,g2_gen4,f176e6c95341fcf5,train_g2_etf5,-0.219985,5027
2026-07-20T01:17:48+00:00,g2_gen4,ec4d25d213b6f2cf,train_g2_etf5,-0.271585,5005
2026-07-20T01:17:48+00:00,g2_gen4,5b33d4b15db37251,train_g2_etf5,-0.447744,4947
2026-07-20T01:17:48+00:00,g2_gen4,0d0298b6e8b1bccf,train_g2_etf5,-1.742021,4974
2026-07-20T01:17:48+00:00,g2_gen4,77cd33e8a92739f7,train_g2_etf5,-0.642856,4463
2026-07-20T01:17:48+00:00,g2_gen4,b9525c040be43491,train_g2_etf5,-1.097402,4300
2026-07-20T01:17:48+00:00,g2_gen4,f176e6c95341fcf5,train_g2_etf5,-0.529916,5027
2026-07-20T01:17:49+00:00,g2_gen4,8d646e066dd75087,train_g2_etf5,-1.04932,4984
2026-07-20T01:17:49+00:00,g2_gen4,4910e0aab7ae74a2,train_g2_etf5,0.155183,5002
2026-07-20T01:17:49+00:00,g2_gen4,775cda6afa827d35,train_g2_etf5,0.193038,4944
2026-07-20T01:17:49+00:00,g2_gen4,05cdbf8cbe5a3c7d,train_g2_etf5,-0.067506,5004
2026-07-20T01:17:49+00:00,g2_gen4,0d0298b6e8b1bccf,train_g2_etf5,-1.634541,4974
2026-07-20T01:17:49+00:00,g2_gen4,0d0298b6e8b1bccf,train_g2_etf5,-1.060278,4974
2026-07-20T01:17:50+00:00,g2_gen4,a96b20675358981b,train_g2_etf5,-1.629342,5013
2026-07-20T01:17:50+00:00,g2_gen4,7d5bfe5683beda92,train_g2_etf5,-0.425506,4970
2026-07-20T01:17:50+00:00,g2_gen4,ff2cb7e1ec2e3364,train_g2_etf5,-1.579424,5012
2026-07-20T01:17:50+00:00,g2_gen4,1507c6326c83e66b,train_g2_etf5,-0.21433,72
2026-07-20T01:17:50+00:00,g2_gen4,76179722145ae04f,train_g2_etf5,-1.221754,4985
2026-07-20T01:17:50+00:00,g2_gen4,3d9da32e9473e3a8,train_g2_etf5,0.22034,5001
2026-07-20T01:17:50+00:00,g2_gen4,0207e164b5f0b8fe,train_g2_etf5,-0.559537,196
2026-07-20T01:17:50+00:00,g2_gen4,8d646e066dd75087,train_g2_etf5,0.142592,4984
2026-07-20T01:17:51+00:00,g2_gen5,7e38f1518874b51b,train_g2_etf5,0.388338,4448
2026-07-20T01:17:51+00:00,g2_gen5,95ec5f78cde2ea5e,train_g2_etf5,0.15959,5005
2026-07-20T01:17:51+00:00,g2_gen5,96859cd2b9646691,train_g2_etf5,-0.953882,5013
2026-07-20T01:17:51+00:00,g2_gen5,b2076191beae8c0e,train_g2_etf5,-0.295421,4985
2026-07-20T01:17:51+00:00,g2_gen5,96859cd2b9646691,train_g2_etf5,-1.533594,5013
2026-07-20T01:17:51+00:00,g2_gen5,a193ba746102ec13,train_g2_etf5,-0.280341,5035
2026-07-20T01:17:51+00:00,g2_gen5,768fe7fa2e8b179d,train_g2_etf5,nan,0
2026-07-20T01:17:51+00:00,g2_gen5,33a1d0913f1108fe,train_g2_etf5,-0.864731,5036
2026-07-20T01:17:51+00:00,g2_gen5,c63c0e929f3120d8,train_g2_etf5,-0.944393,5031
2026-07-20T01:17:51+00:00,g2_gen5,768fe7fa2e8b179d,train_g2_etf5,nan,0
2026-07-20T01:17:52+00:00,g2_gen5,55769c18d6f3c9ca,train_g2_etf5,-0.617311,5015
2026-07-20T01:17:52+00:00,g2_gen5,a193ba746102ec13,train_g2_etf5,-0.467248,5035
2026-07-20T01:17:52+00:00,g2_gen5,24c4c6a64c5d8b8b,train_g2_etf5,-1.642394,4783
2026-07-20T01:17:52+00:00,g2_gen5,9803ec14c75b48e7,train_g2_etf5,0.225973,5001
2026-07-20T01:17:52+00:00,g2_gen5,7b935d0399bda773,train_g2_etf5,-1.22854,4992
2026-07-20T01:17:52+00:00,g2_gen5,67528d9970c21409,train_g2_etf5,0.04199,5006
2026-07-20T01:17:52+00:00,g2_gen5,f7c625c807e2d321,train_g2_etf5,-0.292641,4944
2026-07-20T01:17:52+00:00,g2_gen5,b2076191beae8c0e,train_g2_etf5,-0.397058,4985
2026-07-20T01:17:52+00:00,g2_gen5,7b935d0399bda773,train_g2_etf5,0.196676,4992
2026-07-20T01:17:52+00:00,g2_gen5,3fb1b1f8ae7af91f,train_g2_etf5,-0.02547,5014
2026-07-20T01:17:52+00:00,g2_gen5,af9893d20b51a655,train_g2_etf5,-1.310466,4974
2026-07-20T01:17:53+00:00,g2_gen5,56c834364cabdba2,train_g2_etf5,-1.966921,5030
2026-07-20T01:17:53+00:00,g2_gen5,33a1d0913f1108fe,train_g2_etf5,-0.202988,5036
2026-07-20T01:17:53+00:00,g2_gen5,c63c0e929f3120d8,train_g2_etf5,-1.493017,5031
2026-07-20T01:17:53+00:00,g2_gen5,c63c0e929f3120d8,train_g2_etf5,-0.744902,5031
2026-07-20T01:17:53+00:00,g2_gen5,ab59a85286c027e3,train_g2_etf5,-0.622513,5026
2026-07-20T01:17:53+00:00,g2_gen5,a193ba746102ec13,train_g2_etf5,0.179592,5035
2026-07-20T01:17:53+00:00,g2_gen5,768fe7fa2e8b179d,train_g2_etf5,nan,0
2026-07-20T01:17:53+00:00,g2_gen5,b0ce3c6dad817694,train_g2_etf5,-0.673462,4950
2026-07-20T01:17:53+00:00,g2_gen5,96859cd2b9646691,train_g2_etf5,-0.652399,5013
2026-07-20T01:17:53+00:00,g2_gen5,a193ba746102ec13,train_g2_etf5,-0.513755,5035
2026-07-20T01:17:54+00:00,g2_gen5,aeaf4c5e58a1f414,train_g2_etf5,-0.095525,5027
2026-07-20T01:17:54+00:00,g2_gen5,3b2fc73025f92c8f,train_g2_etf5,-0.620526,4716
2026-07-20T01:17:54+00:00,g2_gen5,9803ec14c75b48e7,train_g2_etf5,0.22034,5001
2026-07-20T01:17:54+00:00,g2_gen5,768fe7fa2e8b179d,train_g2_etf5,nan,0
2026-07-20T01:18:22+00:00,g2_gen0,b22340a000feb68f,train_g2_equities5,-5.437178,2200
2026-07-20T01:18:22+00:00,g2_gen0,b22340a000feb68f,train_g2_equities5,-5.015617,2200
2026-07-20T01:18:22+00:00,g2_gen0,f652f5107cb7e25a,train_g2_equities5,-2.295998,2198
2026-07-20T01:18:22+00:00,g2_gen0,db6a6334318a14ab,train_g2_equities5,-3.966284,2261
2026-07-20T01:18:22+00:00,g2_gen0,2fdb343f878a6622,train_g2_equities5,nan,0
2026-07-20T01:18:22+00:00,g2_gen0,db6a6334318a14ab,train_g2_equities5,-3.890745,2261
2026-07-20T01:18:22+00:00,g2_gen0,2a8de6e336937e4c,train_g2_equities5,-0.977227,2181
2026-07-20T01:18:23+00:00,g2_gen0,230798787a9a70d0,train_g2_equities5,-4.769356,2251
2026-07-20T01:18:23+00:00,g2_gen0,b22340a000feb68f,train_g2_equities5,-4.804783,2200
2026-07-20T01:18:23+00:00,g2_gen0,db6a6334318a14ab,train_g2_equities5,-3.995669,2261
2026-07-20T01:18:23+00:00,g2_gen0,2fdb343f878a6622,train_g2_equities5,nan,0
2026-07-20T01:18:23+00:00,g2_gen0,7be17f535940d495,train_g2_equities5,-0.607014,2170
2026-07-20T01:18:23+00:00,g2_gen0,b22340a000feb68f,train_g2_equities5,-3.265252,2200
2026-07-20T01:18:23+00:00,g2_gen0,c05ff834bef6a9c7,train_g2_equities5,nan,5
2026-07-20T01:18:23+00:00,g2_gen0,68caf1a9fcd78786,train_g2_equities5,-2.678563,2257
2026-07-20T01:18:24+00:00,g2_gen0,2fdb343f878a6622,train_g2_equities5,nan,0
2026-07-20T01:18:24+00:00,g2_gen0,5a92f27583612374,train_g2_equities5,-5.511097,2246
2026-07-20T01:18:24+00:00,g2_gen0,b22340a000feb68f,train_g2_equities5,-3.122441,2200
2026-07-20T01:18:24+00:00,g2_gen0,1f0aeb34d4352ff4,train_g2_equities5,-4.602622,2232
2026-07-20T01:18:24+00:00,g2_gen0,2fdb343f878a6622,train_g2_equities5,nan,0
2026-07-20T01:18:24+00:00,g2_gen0,c0bf7b49f4f204a0,train_g2_equities5,nan,10
2026-07-20T01:18:24+00:00,g2_gen0,eab3db9cff698ec8,train_g2_equities5,-8.2565,2255
2026-07-20T01:18:24+00:00,g2_gen0,94901535d211ae5c,train_g2_equities5,-5.482506,2254
2026-07-20T01:18:24+00:00,g2_gen0,cd6eb2011ac72c5a,train_g2_equities5,-0.962826,2241
2026-07-20T01:18:25+00:00,g2_gen0,b22340a000feb68f,train_g2_equities5,-6.040839,2200
2026-07-20T01:18:25+00:00,g2_gen0,2fdb343f878a6622,train_g2_equities5,nan,0
2026-07-20T01:18:25+00:00,g2_gen0,db6a6334318a14ab,train_g2_equities5,-4.729123,2261
2026-07-20T01:18:25+00:00,g2_gen0,b94fe57680440b1a,train_g2_equities5,0.543452,2227
2026-07-20T01:18:25+00:00,g2_gen0,398025548ae2e19e,train_g2_equities5,-1.371934,2196
2026-07-20T01:18:25+00:00,g2_gen0,cd6eb2011ac72c5a,train_g2_equities5,-1.00765,2241
2026-07-20T01:18:26+00:00,g2_gen0,99bbceee861103d3,train_g2_equities5,-4.767801,2245
2026-07-20T01:18:26+00:00,g2_gen0,b22340a000feb68f,train_g2_equities5,-5.840596,2200
2026-07-20T01:18:26+00:00,g2_gen0,b22340a000feb68f,train_g2_equities5,-3.265252,2200
2026-07-20T01:18:26+00:00,g2_gen0,398025548ae2e19e,train_g2_equities5,-1.678592,2196
2026-07-20T01:18:26+00:00,g2_gen0,2fdb343f878a6622,train_g2_equities5,nan,0
2026-07-20T01:18:27+00:00,g2_gen0,4941542ab0d1d497,train_g2_equities5,-4.04866,2262
2026-07-20T01:18:27+00:00,g2_gen0,2fdb343f878a6622,train_g2_equities5,nan,0
2026-07-20T01:18:27+00:00,g2_gen0,4941542ab0d1d497,train_g2_equities5,-4.939312,2262
2026-07-20T01:18:27+00:00,g2_gen0,12dc912a8e9e3fa7,train_g2_equities5,-3.311055,2179
2026-07-20T01:18:27+00:00,g2_gen0,343965af65de9fb0,train_g2_equities5,-1.961631,2222
2026-07-20T01:18:27+00:00,g2_gen0,68caf1a9fcd78786,train_g2_equities5,-3.366754,2257
2026-07-20T01:18:27+00:00,g2_gen0,4304a43535983662,train_g2_equities5,-1.205385,2260
2026-07-20T01:18:28+00:00,g2_gen0,c493ea26545ed063,train_g2_equities5,-6.063119,2243
2026-07-20T01:18:28+00:00,g2_gen0,68caf1a9fcd78786,train_g2_equities5,-0.625138,2257
2026-07-20T01:18:28+00:00,g2_gen0,ec40c18d28d4f926,train_g2_equities5,-1.641122,2238
2026-07-20T01:18:28+00:00,g2_gen0,f1a7e4d562f12b21,train_g2_equities5,-0.963989,2193
2026-07-20T01:18:28+00:00,g2_gen0,db6a6334318a14ab,train_g2_equities5,-1.871716,2261
2026-07-20T01:18:28+00:00,g2_gen0,68caf1a9fcd78786,train_g2_equities5,-3.567108,2257
2026-07-20T01:18:28+00:00,g2_gen0,4941542ab0d1d497,train_g2_equities5,-0.374162,2262
2026-07-20T01:18:28+00:00,g2_gen0,f316d2787c3df8f7,train_g2_equities5,-5.554423,2240
2026-07-20T01:18:29+00:00,g2_gen0,e5473c3451bc534f,train_g2_equities5,-4.397095,2231
2026-07-20T01:18:29+00:00,g2_gen0,cd6eb2011ac72c5a,train_g2_equities5,-4.352351,2241
2026-07-20T01:18:29+00:00,g2_gen0,2fdb343f878a6622,train_g2_equities5,nan,0
2026-07-20T01:18:29+00:00,g2_gen0,e5473c3451bc534f,train_g2_equities5,-0.429129,2231
2026-07-20T01:18:29+00:00,g2_gen0,b22340a000feb68f,train_g2_equities5,-3.153345,2200
2026-07-20T01:18:29+00:00,g2_gen0,35dd6b32a1e76265,train_g2_equities5,-2.823194,2248
2026-07-20T01:18:29+00:00,g2_gen0,b0303fbbb6102307,train_g2_equities5,-2.644159,2191
2026-07-20T01:18:29+00:00,g2_gen0,a6adf3ae44ddcdb1,train_g2_equities5,-0.076652,202
2026-07-20T01:18:29+00:00,g2_gen0,1f0aeb34d4352ff4,train_g2_equities5,0.712724,2232
2026-07-20T01:18:29+00:00,g2_gen0,12869fadd410b3a2,train_g2_equities5,-1.334039,2211
2026-07-20T01:18:29+00:00,g2_gen0,801ff9b4c4a36e5e,train_g2_equities5,-4.008172,2252
2026-07-20T01:18:30+00:00,g2_gen0,f316d2787c3df8f7,train_g2_equities5,-3.019496,2240
2026-07-20T01:18:30+00:00,g2_gen0,1f0aeb34d4352ff4,train_g2_equities5,-0.464908,2232
2026-07-20T01:18:30+00:00,g2_gen0,68caf1a9fcd78786,train_g2_equities5,-4.16908,2257
2026-07-20T01:18:30+00:00,g2_gen0,2fdb343f878a6622,train_g2_equities5,nan,0
2026-07-20T01:18:30+00:00,g2_gen0,2fdb343f878a6622,train_g2_equities5,nan,0
2026-07-20T01:18:30+00:00,g2_gen0,cd6eb2011ac72c5a,train_g2_equities5,-3.996251,2241
2026-07-20T01:18:30+00:00,g2_gen0,633b426a17160431,train_g2_equities5,-1.510232,2220
2026-07-20T01:18:30+00:00,g2_gen0,b22340a000feb68f,train_g2_equities5,-1.604456,2200
2026-07-20T01:18:30+00:00,g2_gen0,68caf1a9fcd78786,train_g2_equities5,-2.506558,2257
2026-07-20T01:18:30+00:00,g2_gen0,4304a43535983662,train_g2_equities5,-2.46522,2260
2026-07-20T01:18:30+00:00,g2_gen0,d39521cc02ffefba,train_g2_equities5,-2.352046,2256
2026-07-20T01:18:31+00:00,g2_gen0,e5473c3451bc534f,train_g2_equities5,-1.424016,2231
2026-07-20T01:18:31+00:00,g2_gen0,ec59e54a0559e632,train_g2_equities5,-0.674345,2202
2026-07-20T01:18:31+00:00,g2_gen0,db6a6334318a14ab,train_g2_equities5,-5.894025,2261
2026-07-20T01:18:31+00:00,g2_gen0,205b1546906c3d99,train_g2_equities5,0.211578,2258
2026-07-20T01:18:31+00:00,g2_gen0,d39521cc02ffefba,train_g2_equities5,-1.273566,2256
2026-07-20T01:18:31+00:00,g2_gen1,3a257afb5ac0585d,train_g2_equities5,-3.106723,2196
2026-07-20T01:18:31+00:00,g2_gen1,fa7fa7d6007b076f,train_g2_equities5,-1.460378,2261
2026-07-20T01:18:31+00:00,g2_gen1,8a438a92648bf866,train_g2_equities5,-1.3266,2249
2026-07-20T01:18:31+00:00,g2_gen1,b278723e50922e62,train_g2_equities5,-5.096916,2240
2026-07-20T01:18:32+00:00,g2_gen1,ea733da12412793f,train_g2_equities5,-0.545693,2202
2026-07-20T01:18:32+00:00,g2_gen1,ea733da12412793f,train_g2_equities5,0.603924,2202
2026-07-20T01:18:32+00:00,g2_gen1,dcc9a657cdb3387a,train_g2_equities5,-3.111192,2241
2026-07-20T01:18:32+00:00,g2_gen1,aae3e4b5a2e9d655,train_g2_equities5,-3.275685,2253
2026-07-20T01:18:32+00:00,g2_gen1,6d690b2632c98ab9,train_g2_equities5,-3.24197,2200
2026-07-20T01:18:32+00:00,g2_gen1,aae3e4b5a2e9d655,train_g2_equities5,-0.330125,2253
2026-07-20T01:18:33+00:00,g2_gen1,6d690b2632c98ab9,train_g2_equities5,-2.981552,2200
2026-07-20T01:18:33+00:00,g2_gen1,0454ccc4417aa0c1,train_g2_equities5,0.007197,2211
2026-07-20T01:18:33+00:00,g2_gen1,ea733da12412793f,train_g2_equities5,-0.847948,2202
2026-07-20T01:18:33+00:00,g2_gen1,7fe403186519505f,train_g2_equities5,0.591563,2231
2026-07-20T01:18:33+00:00,g2_gen1,36f18deea8cf48f2,train_g2_equities5,-1.296652,2262
2026-07-20T01:18:33+00:00,g2_gen1,c2a8d532ab158641,train_g2_equities5,nan,0
2026-07-20T01:18:33+00:00,g2_gen1,aae3e4b5a2e9d655,train_g2_equities5,-1.006494,2253
2026-07-20T01:18:34+00:00,g2_gen1,6b5763ba8b749721,train_g2_equities5,-2.935349,2138
2026-07-20T01:18:34+00:00,g2_gen1,dcc9a657cdb3387a,train_g2_equities5,-5.631486,2241
2026-07-20T01:18:34+00:00,g2_gen1,401d9730ac225108,train_g2_equities5,-2.088846,2237
2026-07-20T01:18:34+00:00,g2_gen1,907d0c5c42069ea0,train_g2_equities5,0.013751,2222
2026-07-20T01:18:34+00:00,g2_gen1,6d690b2632c98ab9,train_g2_equities5,-4.436196,2200
2026-07-20T01:18:34+00:00,g2_gen1,34d26ca0b801a03f,train_g2_equities5,-0.455079,2227
2026-07-20T01:18:35+00:00,g2_gen1,ea733da12412793f,train_g2_equities5,-0.507643,2202
2026-07-20T01:18:35+00:00,g2_gen1,2f662fb566adccc8,train_g2_equities5,-4.503896,2232
2026-07-20T01:18:35+00:00,g2_gen1,0454ccc4417aa0c1,train_g2_equities5,-0.020027,2211
2026-07-20T01:18:35+00:00,g2_gen1,7fe403186519505f,train_g2_equities5,-5.328498,2231
2026-07-20T01:18:35+00:00,g2_gen1,2665b517aeadf535,train_g2_equities5,-0.866406,2170
2026-07-20T01:18:36+00:00,g2_gen1,1994325e18f66c80,train_g2_equities5,-4.738875,2167
2026-07-20T01:18:36+00:00,g2_gen1,869747a19cbc0d14,train_g2_equities5,-3.283657,2247
2026-07-20T01:18:36+00:00,g2_gen1,fa7fa7d6007b076f,train_g2_equities5,-3.149486,2261
2026-07-20T01:18:36+00:00,g2_gen1,f97c03179ea6f407,train_g2_equities5,-1.432588,2186
2026-07-20T01:18:36+00:00,g2_gen1,2f662fb566adccc8,train_g2_equities5,-0.153105,2232
2026-07-20T01:18:36+00:00,g2_gen1,53f758b2be663dd0,train_g2_equities5,-3.761785,2239
2026-07-20T01:18:36+00:00,g2_gen1,04c92e9d381ae722,train_g2_equities5,-4.072983,2257
2026-07-20T01:18:36+00:00,g2_gen1,fa7fa7d6007b076f,train_g2_equities5,-5.26486,2261
2026-07-20T01:18:36+00:00,g2_gen1,681867aec2e92dc4,train_g2_equities5,-1.858423,2140
2026-07-20T01:18:36+00:00,g2_gen1,2f662fb566adccc8,train_g2_equities5,-0.256369,2232
2026-07-20T01:18:36+00:00,g2_gen1,34d26ca0b801a03f,train_g2_equities5,-0.240478,2227
2026-07-20T01:18:37+00:00,g2_gen1,36f18deea8cf48f2,train_g2_equities5,-3.024945,2262
2026-07-20T01:18:37+00:00,g2_gen1,ea733da12412793f,train_g2_equities5,0.007987,2202
2026-07-20T01:18:37+00:00,g2_gen1,750ad840c76d9e9e,train_g2_equities5,nan,10
2026-07-20T01:18:37+00:00,g2_gen1,dcc9a657cdb3387a,train_g2_equities5,-4.325913,2241
2026-07-20T01:18:37+00:00,g2_gen1,04c92e9d381ae722,train_g2_equities5,-4.124957,2257
2026-07-20T01:18:37+00:00,g2_gen1,2665b517aeadf535,train_g2_equities5,-0.442921,2170
2026-07-20T01:18:37+00:00,g2_gen1,c2a8d532ab158641,train_g2_equities5,nan,0
2026-07-20T01:18:37+00:00,g2_gen1,5324bdc12c59a2f2,train_g2_equities5,0.400998,2225
2026-07-20T01:18:37+00:00,g2_gen1,f46825658e8accb5,train_g2_equities5,-0.731601,2193
2026-07-20T01:18:38+00:00,g2_gen1,aae3e4b5a2e9d655,train_g2_equities5,-4.690655,2253
2026-07-20T01:18:38+00:00,g2_gen1,0d4c6ad44bcf1a8d,train_g2_equities5,-2.335815,2205
2026-07-20T01:18:38+00:00,g2_gen1,dcc9a657cdb3387a,train_g2_equities5,-5.201035,2241
2026-07-20T01:18:38+00:00,g2_gen1,0454ccc4417aa0c1,train_g2_equities5,-0.301843,2211
2026-07-20T01:18:38+00:00,g2_gen2,5b093e9bc66b7a6b,train_g2_equities5,-0.317322,2160
2026-07-20T01:18:38+00:00,g2_gen2,df3099e39f7beb73,train_g2_equities5,-2.083939,2262
2026-07-20T01:18:38+00:00,g2_gen2,79f96bf256c4c3dd,train_g2_equities5,0.690715,2227
2026-07-20T01:18:38+00:00,g2_gen2,93eae9b880affe61,train_g2_equities5,-1.983415,2241
2026-07-20T01:18:39+00:00,g2_gen2,382537446eb789b6,train_g2_equities5,-0.506755,2237
2026-07-20T01:18:39+00:00,g2_gen2,79f96bf256c4c3dd,train_g2_equities5,-0.411875,2227
2026-07-20T01:18:39+00:00,g2_gen2,1d46225e88bafade,train_g2_equities5,0.536311,2226
2026-07-20T01:18:39+00:00,g2_gen2,8ba5a2c8d9005d29,train_g2_equities5,-3.581001,2260
2026-07-20T01:18:39+00:00,g2_gen2,8d7a242110d5742b,train_g2_equities5,-2.707063,2257
2026-07-20T01:18:39+00:00,g2_gen2,5ef98b801305ec66,train_g2_equities5,-0.809401,2223
2026-07-20T01:18:40+00:00,g2_gen2,bce3a8a96b6b214a,train_g2_equities5,-1.950537,2123
2026-07-20T01:18:40+00:00,g2_gen2,8d7a242110d5742b,train_g2_equities5,-4.594246,2257
2026-07-20T01:18:40+00:00,g2_gen2,1732829d4a5c033a,train_g2_equities5,-0.513909,2202
2026-07-20T01:18:40+00:00,g2_gen2,ddf612a98ada48c3,train_g2_equities5,nan,0
2026-07-20T01:18:40+00:00,g2_gen2,88003fd2aeb39ed9,train_g2_equities5,-0.698392,2170
2026-07-20T01:18:40+00:00,g2_gen2,df3099e39f7beb73,train_g2_equities5,-4.895222,2262
2026-07-20T01:18:41+00:00,g2_gen2,c98cf641909cd91b,train_g2_equities5,-0.346372,2169
2026-07-20T01:18:41+00:00,g2_gen2,1732829d4a5c033a,train_g2_equities5,0.603924,2202
2026-07-20T01:18:41+00:00,g2_gen2,4066d48ee2e773e5,train_g2_equities5,0.270601,2211
2026-07-20T01:18:41+00:00,g2_gen2,5b093e9bc66b7a6b,train_g2_equities5,-0.67412,2160
2026-07-20T01:18:41+00:00,g2_gen2,8cd48cd3d7144b3e,train_g2_equities5,-3.411152,2200
2026-07-20T01:18:41+00:00,g2_gen2,4066d48ee2e773e5,train_g2_equities5,-0.330831,2211
2026-07-20T01:18:41+00:00,g2_gen2,9de11b854cacca7d,train_g2_equities5,-3.565971,2232
2026-07-20T01:18:41+00:00,g2_gen2,505c8213e72a2607,train_g2_equities5,0.106788,2230
2026-07-20T01:18:41+00:00,g2_gen2,79f96bf256c4c3dd,train_g2_equities5,-0.365296,2227
2026-07-20T01:18:41+00:00,g2_gen2,7df42007c1cb6aed,train_g2_equities5,-2.023345,2252
2026-07-20T01:18:41+00:00,g2_gen2,b18a4ba890c18e17,train_g2_equities5,-3.1164,2239
2026-07-20T01:18:42+00:00,g2_gen2,c61b443bb7614ddb,train_g2_equities5,-2.601051,2259
2026-07-20T01:18:42+00:00,g2_gen2,7b4a73bbd4fd5b66,train_g2_equities5,-0.522344,2229
2026-07-20T01:18:42+00:00,g2_gen2,79f96bf256c4c3dd,train_g2_equities5,0.543452,2227
2026-07-20T01:18:42+00:00,g2_gen2,af08b55f73edafcb,train_g2_equities5,-0.073984,2140
2026-07-20T01:18:42+00:00,g2_gen2,93eae9b880affe61,train_g2_equities5,-3.914663,2241
2026-07-20T01:18:42+00:00,g2_gen2,7b4a73bbd4fd5b66,train_g2_equities5,-3.478223,2229
2026-07-20T01:18:42+00:00,g2_gen2,8d7a242110d5742b,train_g2_equities5,-0.835578,2257
2026-07-20T01:18:42+00:00,g2_gen2,305dc640ae4e839b,train_g2_equities5,-3.3652,2199
2026-07-20T01:18:42+00:00,g2_gen2,93eae9b880affe61,train_g2_equities5,-2.052059,2241
2026-07-20T01:18:42+00:00,g2_gen2,4066d48ee2e773e5,train_g2_equities5,0.292482,2211
2026-07-20T01:18:42+00:00,g2_gen2,88855c8cbbd342a9,train_g2_equities5,-0.027695,2231
2026-07-20T01:18:42+00:00,g2_gen2,9de11b854cacca7d,train_g2_equities5,-0.325198,2232
2026-07-20T01:18:43+00:00,g2_gen2,dd5fadbc08c142c8,train_g2_equities5,-1.075784,2253
2026-07-20T01:18:43+00:00,g2_gen2,88003fd2aeb39ed9,train_g2_equities5,-0.021393,2170
2026-07-20T01:18:43+00:00,g2_gen2,505c8213e72a2607,train_g2_equities5,-4.034951,2230
2026-07-20T01:18:43+00:00,g2_gen2,79f96bf256c4c3dd,train_g2_equities5,0.487904,2227
2026-07-20T01:18:43+00:00,g2_gen2,862ccbe8275a9c72,train_g2_equities5,-5.995483,2183
2026-07-20T01:18:43+00:00,g2_gen2,8cd48cd3d7144b3e,train_g2_equities5,-2.942312,2200
2026-07-20T01:18:43+00:00,g2_gen2,dd5fadbc08c142c8,train_g2_equities5,-0.277003,2253
2026-07-20T01:18:44+00:00,g2_gen2,4066d48ee2e773e5,train_g2_equities5,0.305887,2211
2026-07-20T01:18:44+00:00,g2_gen2,ddf612a98ada48c3,train_g2_equities5,nan,0
2026-07-20T01:18:44+00:00,g2_gen2,1732829d4a5c033a,train_g2_equities5,0.439114,2202
2026-07-20T01:18:44+00:00,g2_gen2,3f04362f38430e99,train_g2_equities5,-1.460378,2261
2026-07-20T01:18:44+00:00,g2_gen2,cc19f425d4b3848e,train_g2_equities5,-7.038256,2198
2026-07-20T01:18:44+00:00,g2_gen2,8cd48cd3d7144b3e,train_g2_equities5,-4.562364,2200
2026-07-20T01:18:44+00:00,g2_gen2,8ba5a2c8d9005d29,train_g2_equities5,-3.527035,2260
2026-07-20T01:18:44+00:00,g2_gen2,93eae9b880affe61,train_g2_equities5,-0.94709,2241
2026-07-20T01:18:44+00:00,g2_gen3,dba99a0bb44673f3,train_g2_equities5,0.214253,2202
2026-07-20T01:18:45+00:00,g2_gen3,684fd750a11d5a5c,train_g2_equities5,-0.112287,2188
2026-07-20T01:18:45+00:00,g2_gen3,172beecbd7aca54e,train_g2_equities5,0.401833,2222
2026-07-20T01:18:45+00:00,g2_gen3,157478f0a956a2cc,train_g2_equities5,-4.997435,2261
2026-07-20T01:18:45+00:00,g2_gen3,45840272674d0d92,train_g2_equities5,0.815418,2232
2026-07-20T01:18:45+00:00,g2_gen3,400a80df63781f3e,train_g2_equities5,-0.663977,2226
2026-07-20T01:18:45+00:00,g2_gen3,f31d063db67410bb,train_g2_equities5,-3.047109,2256
2026-07-20T01:18:45+00:00,g2_gen3,a8d41d54a5fdb35f,train_g2_equities5,-0.498423,2225
2026-07-20T01:18:45+00:00,g2_gen3,b04373e9f08ff634,train_g2_equities5,0.367258,2230
2026-07-20T01:18:45+00:00,g2_gen3,64f7ae4f549739ad,train_g2_equities5,-5.55308,2220
2026-07-20T01:18:45+00:00,g2_gen3,3da58f42a5e9d876,train_g2_equities5,-4.638266,2246
2026-07-20T01:18:46+00:00,g2_gen3,abdab3c6a22ac07a,train_g2_equities5,0.379636,2227
2026-07-20T01:18:46+00:00,g2_gen3,c2531f98a4d5446a,train_g2_equities5,0.676936,2231
2026-07-20T01:18:46+00:00,g2_gen3,f15c27482b2270b9,train_g2_equities5,-4.108355,2252
2026-07-20T01:18:46+00:00,g2_gen3,f31d063db67410bb,train_g2_equities5,-2.000867,2256
2026-07-20T01:18:46+00:00,g2_gen3,c2531f98a4d5446a,train_g2_equities5,-0.653946,2231
2026-07-20T01:18:46+00:00,g2_gen3,c2531f98a4d5446a,train_g2_equities5,-0.643192,2231
2026-07-20T01:18:46+00:00,g2_gen3,abdab3c6a22ac07a,train_g2_equities5,0.805677,2227
2026-07-20T01:18:46+00:00,g2_gen3,c4418461147786a6,train_g2_equities5,0.13041,2181
2026-07-20T01:18:46+00:00,g2_gen3,449fbe7eade05af6,train_g2_equities5,0.785214,2211
2026-07-20T01:18:46+00:00,g2_gen3,45840272674d0d92,train_g2_equities5,0.815418,2232
2026-07-20T01:18:46+00:00,g2_gen3,f84c77030e13d90f,train_g2_equities5,0.455809,2197
2026-07-20T01:18:47+00:00,g2_gen3,1238b203257c758a,train_g2_equities5,-4.605315,2241
2026-07-20T01:18:47+00:00,g2_gen3,44a6d44b4c8ac68b,train_g2_equities5,-0.639667,2248
2026-07-20T01:18:47+00:00,g2_gen3,f84c77030e13d90f,train_g2_equities5,0.583749,2197
2026-07-20T01:18:47+00:00,g2_gen3,f84c77030e13d90f,train_g2_equities5,0.583749,2197
2026-07-20T01:18:47+00:00,g2_gen3,d4e01d5516b61e65,train_g2_equities5,-2.686143,2215
2026-07-20T01:18:47+00:00,g2_gen3,a99844019cbfdf03,train_g2_equities5,nan,0
2026-07-20T01:18:47+00:00,g2_gen3,f76216a6dae09237,train_g2_equities5,-4.625531,2251
2026-07-20T01:18:47+00:00,g2_gen3,abdab3c6a22ac07a,train_g2_equities5,0.546946,2227
2026-07-20T01:18:47+00:00,g2_gen3,400a80df63781f3e,train_g2_equities5,-0.191187,2226
2026-07-20T01:18:47+00:00,g2_gen3,47faca3adceb9c65,train_g2_equities5,0.541469,2172
2026-07-20T01:18:47+00:00,g2_gen3,157478f0a956a2cc,train_g2_equities5,-1.767868,2261
2026-07-20T01:18:47+00:00,g2_gen3,1238b203257c758a,train_g2_equities5,-0.832081,2241
2026-07-20T01:18:48+00:00,g2_gen3,044e43706d778733,train_g2_equities5,-5.388844,2200
2026-07-20T01:18:48+00:00,g2_gen3,c2531f98a4d5446a,train_g2_equities5,-1.224242,2231
2026-07-20T01:18:48+00:00,g2_gen3,45840272674d0d92,train_g2_equities5,-1.017196,2232
2026-07-20T01:18:48+00:00,g2_gen3,580adc8d899a4176,train_g2_equities5,0.054983,2257
2026-07-20T01:18:48+00:00,g2_gen3,81ebca84d473101a,train_g2_equities5,-1.837614,2237
2026-07-20T01:18:48+00:00,g2_gen3,45840272674d0d92,train_g2_equities5,-0.629849,2232
2026-07-20T01:18:48+00:00,g2_gen3,05eb2cc69f31706e,train_g2_equities5,-0.01576,2201
2026-07-20T01:18:48+00:00,g2_gen3,044e43706d778733,train_g2_equities5,-5.189067,2200
2026-07-20T01:18:49+00:00,g2_gen3,a0cd5eb9f1d9cc38,train_g2_equities5,-0.102068,2180
2026-07-20T01:18:49+00:00,g2_gen3,81ebca84d473101a,train_g2_equities5,-2.489886,2237
2026-07-20T01:18:49+00:00,g2_gen3,f84c77030e13d90f,train_g2_equities5,0.583749,2197
2026-07-20T01:18:49+00:00,g2_gen3,83ba52014e39b1fc,train_g2_equities5,-3.680532,2260
2026-07-20T01:18:49+00:00,g2_gen3,580adc8d899a4176,train_g2_equities5,-3.536468,2257
2026-07-20T01:18:49+00:00,g2_gen4,613309c167b570c9,train_g2_equities5,0.712,2202
2026-07-20T01:18:49+00:00,g2_gen4,3b5c09859c3af913,train_g2_equities5,-2.03478,2166
2026-07-20T01:18:50+00:00,g2_gen4,6bcdec3c9fe3da75,train_g2_equities5,0.528554,2197
2026-07-20T01:18:50+00:00,g2_gen4,aff30af4c9919e74,train_g2_equities5,0.576002,2201
2026-07-20T01:18:50+00:00,g2_gen4,ffda3b7d6cdc2953,train_g2_equities5,-1.427373,2191
2026-07-20T01:18:50+00:00,g2_gen4,ec75f482bcb5d94e,train_g2_equities5,-3.78415,2198
2026-07-20T01:18:50+00:00,g2_gen4,4a0d74a4b2cb5a00,train_g2_equities5,0.715677,2231
2026-07-20T01:18:50+00:00,g2_gen4,040e93be0dbb796f,train_g2_equities5,-5.792558,2195
2026-07-20T01:18:51+00:00,g2_gen4,af9df7465f375e9e,train_g2_equities5,0.079985,2211
2026-07-20T01:18:51+00:00,g2_gen4,125dd66aed54ac91,train_g2_equities5,-4.718425,2252
2026-07-20T01:18:51+00:00,g2_gen4,9ca76b7e8b84d5c0,train_g2_equities5,0.667618,2228
2026-07-20T01:18:51+00:00,g2_gen4,0693a0ff34958adb,train_g2_equities5,0.865697,2222
2026-07-20T01:18:51+00:00,g2_gen4,cf374879b95c0842,train_g2_equities5,0.815418,2232
2026-07-20T01:18:51+00:00,g2_gen4,d650561a9a688dfd,train_g2_equities5,-2.122423,2257
2026-07-20T01:18:51+00:00,g2_gen4,af9df7465f375e9e,train_g2_equities5,-1.153318,2211
2026-07-20T01:18:51+00:00,g2_gen4,6bcdec3c9fe3da75,train_g2_equities5,-0.414897,2197
2026-07-20T01:18:51+00:00,g2_gen4,c3ec4cc221d2f182,train_g2_equities5,-3.339382,2241
2026-07-20T01:18:51+00:00,g2_gen4,d650561a9a688dfd,train_g2_equities5,-4.19369,2257
2026-07-20T01:18:51+00:00,g2_gen4,9ca76b7e8b84d5c0,train_g2_equities5,-0.229242,2228
2026-07-20T01:18:52+00:00,g2_gen4,4868ee655f90ea94,train_g2_equities5,-2.629757,2253
2026-07-20T01:18:52+00:00,g2_gen4,87a1d72a5c834ffc,train_g2_equities5,-0.109624,2227
2026-07-20T01:18:52+00:00,g2_gen4,613309c167b570c9,train_g2_equities5,-0.192851,2202
2026-07-20T01:18:52+00:00,g2_gen4,89f45f1ed39f1d58,train_g2_equities5,0.026913,2168
2026-07-20T01:18:52+00:00,g2_gen4,0375249e4deaf291,train_g2_equities5,-4.572469,2260
2026-07-20T01:18:52+00:00,g2_gen4,9890aeea94f8c4e4,train_g2_equities5,-4.804783,2200
2026-07-20T01:18:52+00:00,g2_gen4,f7a5a91f5ce57896,train_g2_equities5,-0.362704,2217
2026-07-20T01:18:52+00:00,g2_gen4,775728f3debef155,train_g2_equities5,-0.573808,2164
2026-07-20T01:18:52+00:00,g2_gen4,1db32cacc643c58e,train_g2_equities5,-0.374162,2262
2026-07-20T01:18:52+00:00,g2_gen4,5e7383128374482f,train_g2_equities5,-0.049308,2170
2026-07-20T01:18:52+00:00,g2_gen4,1db32cacc643c58e,train_g2_equities5,-2.083939,2262
2026-07-20T01:18:53+00:00,g2_gen4,cf374879b95c0842,train_g2_equities5,0.712724,2232
2026-07-20T01:18:53+00:00,g2_gen4,ec75f482bcb5d94e,train_g2_equities5,-6.113642,2198
2026-07-20T01:18:53+00:00,g2_gen4,d5dcb2031d8a1e2a,train_g2_equities5,0.874644,2226
2026-07-20T01:18:53+00:00,g2_gen4,0693a0ff34958adb,train_g2_equities5,-0.498338,2222
2026-07-20T01:18:53+00:00,g2_gen4,2888a8be23548d41,train_g2_equities5,-2.046753,2196
2026-07-20T01:18:53+00:00,g2_gen4,7e06bd81d2aafb6c,train_g2_equities5,0.496594,2229
2026-07-20T01:18:53+00:00,g2_gen4,6bcdec3c9fe3da75,train_g2_equities5,0.695949,2197
2026-07-20T01:18:53+00:00,g2_gen4,0375249e4deaf291,train_g2_equities5,-0.811482,2260
2026-07-20T01:18:53+00:00,g2_gen4,1420d956f374134d,train_g2_equities5,-3.803381,2237
2026-07-20T01:18:53+00:00,g2_gen4,d5dcb2031d8a1e2a,train_g2_equities5,-0.913558,2226
2026-07-20T01:18:54+00:00,g2_gen4,2abf0d9dfff4eaa0,train_g2_equities5,-0.22811,2258
2026-07-20T01:18:54+00:00,g2_gen4,87a1d72a5c834ffc,train_g2_equities5,-1.007707,2227
2026-07-20T01:18:54+00:00,g2_gen4,025fcfe4f782c506,train_g2_equities5,-1.199649,678
2026-07-20T01:18:54+00:00,g2_gen5,b904d53989dbc3cd,train_g2_equities5,nan,0
2026-07-20T01:18:54+00:00,g2_gen5,8773e73cc16eff1c,train_g2_equities5,-4.19349,2198
2026-07-20T01:18:54+00:00,g2_gen5,cc4e16b9ad2b64a0,train_g2_equities5,-2.523144,2257
2026-07-20T01:18:54+00:00,g2_gen5,25155917362a1099,train_g2_equities5,0.283773,2211
2026-07-20T01:18:54+00:00,g2_gen5,2abd46b9435f705d,train_g2_equities5,0.315706,2202
2026-07-20T01:18:54+00:00,g2_gen5,28c149ab0870cf5c,train_g2_equities5,-2.455951,2239
2026-07-20T01:18:54+00:00,g2_gen5,b346ac8d68d0c283,train_g2_equities5,0.453501,2222
2026-07-20T01:18:55+00:00,g2_gen5,b3ebabbb830c6004,train_g2_equities5,-0.773515,2230
2026-07-20T01:18:55+00:00,g2_gen5,de89727d3c12e8d5,train_g2_equities5,0.773624,2228
2026-07-20T01:18:55+00:00,g2_gen5,fd55808e7d51b9d0,train_g2_equities5,-1.347074,2161
2026-07-20T01:18:55+00:00,g2_gen5,eb000a915108bd0b,train_g2_equities5,-6.540027,2200
2026-07-20T01:18:55+00:00,g2_gen5,b904d53989dbc3cd,train_g2_equities5,nan,0
2026-07-20T01:18:55+00:00,g2_gen5,b904d53989dbc3cd,train_g2_equities5,nan,0
2026-07-20T01:18:55+00:00,g2_gen5,2abd46b9435f705d,train_g2_equities5,0.315706,2202
2026-07-20T01:18:55+00:00,g2_gen5,a11263b98ea58a02,train_g2_equities5,0.179322,2220
2026-07-20T01:18:55+00:00,g2_gen5,3a2ef1223473b035,train_g2_equities5,-5.136503,2245
2026-07-20T01:18:55+00:00,g2_gen5,eaab2bbfcbb88ecc,train_g2_equities5,0.517499,2227
2026-07-20T01:18:56+00:00,g2_gen5,03c0159929154dd9,train_g2_equities5,-5.200807,2241
2026-07-20T01:18:56+00:00,g2_gen5,25155917362a1099,train_g2_equities5,-0.334239,2211
2026-07-20T01:18:56+00:00,g2_gen5,fbc8f9a1fb836b39,train_g2_equities5,0.815418,2232
2026-07-20T01:18:56+00:00,g2_gen5,fbc8f9a1fb836b39,train_g2_equities5,-1.19334,2232
2026-07-20T01:18:56+00:00,g2_gen5,eb000a915108bd0b,train_g2_equities5,-3.92642,2200
2026-07-20T01:18:56+00:00,g2_gen5,b3ebabbb830c6004,train_g2_equities5,0.367258,2230
2026-07-20T01:18:56+00:00,g2_gen5,cc4e16b9ad2b64a0,train_g2_equities5,-1.305124,2257
2026-07-20T01:18:56+00:00,g2_gen5,b3ebabbb830c6004,train_g2_equities5,0.673058,2230
2026-07-20T01:18:56+00:00,g2_gen5,ead7243f11c4dab6,train_g2_equities5,-2.03629,2238
2026-07-20T01:18:57+00:00,g2_gen5,da466c26c55dac41,train_g2_equities5,-2.556302,2261
2026-07-20T01:18:57+00:00,g2_gen5,da466c26c55dac41,train_g2_equities5,-4.353134,2261
2026-07-20T01:18:57+00:00,g2_gen5,3e4fe459bd4392ce,train_g2_equities5,-2.257093,2253
2026-07-20T01:18:57+00:00,g2_gen5,58ffabd636634851,train_g2_equities5,-1.838287,479
2026-07-20T01:18:57+00:00,g2_gen5,cc4e16b9ad2b64a0,train_g2_equities5,-4.106087,2257
2026-07-20T01:18:57+00:00,g2_gen5,2abd46b9435f705d,train_g2_equities5,0.315706,2202
2026-07-20T01:18:57+00:00,g2_gen5,2cb722189468d691,train_g2_equities5,-1.227296,2170
2026-07-20T01:18:57+00:00,g2_gen5,b8b3ebd9c16a1dbe,train_g2_equities5,-0.626846,2149
2026-07-20T01:20:48+00:00,C013,2e9c0cab2472f256,train_val,0.336956,13473
2026-07-20T01:20:49+00:00,C013,481327684e34c73c,val_cost25,-0.142248,13473
2026-07-20T01:20:54+00:00,C013_p_MIN_SPIKES_0.75,e1124cb3c9bd3339,val_perturb,0.322465,13510
2026-07-20T01:20:58+00:00,C013_p_MIN_SPIKES_1.25,96d2bd210ed0f4b1,val_perturb,0.339936,13469
2026-07-20T01:21:02+00:00,C013_p_POST_DAYS_0.75,164e12ee8317c3de,val_perturb,0.360259,13474
2026-07-20T01:21:06+00:00,C013_p_POST_DAYS_1.25,f468ab1aab33c958,val_perturb,0.349379,13472
2026-07-20T01:21:10+00:00,C013_p_SPIKE_Z_0.75,a17292db846619ad,val_perturb,0.310901,13510
2026-07-20T01:21:14+00:00,C013_p_SPIKE_Z_1.25,70c9571b9fee1a31,val_perturb,0.35278,13449
2026-07-20T01:21:18+00:00,C013_p_WINDOW_0.75,f02e3f53441fe550,val_perturb,0.290569,13473
2026-07-20T01:21:22+00:00,C013_p_WINDOW_1.25,448a03e6195a388e,val_perturb,0.406602,13473
2026-07-20T01:21:24+00:00,C014,2d1231810d7d8d9e,train_val,0.279868,13553
2026-07-20T01:21:26+00:00,C014,562e234579d9c8e6,val_cost25,-0.518448,13553
2026-07-20T01:21:29+00:00,C014_p_SMOOTH_0.75,46403557571efefd,val_perturb,0.247621,13553
2026-07-20T01:21:31+00:00,C014_p_SMOOTH_1.25,4bed3c5762575d51,val_perturb,0.293619,13553
2026-07-20T01:21:33+00:00,C015,3d4c53970a60383a,train_val,0.721568,13571
2026-07-20T01:21:34+00:00,C015,04282a3882c4b347,val_cost25,0.612685,13571
2026-07-20T01:21:36+00:00,C015_p_WINDOW_0.75,97eeadf7697d5def,val_perturb,0.661355,13571
2026-07-20T01:21:38+00:00,C015_p_WINDOW_1.25,f4dcb581d38465ab,val_perturb,0.704399,13571
2026-07-20T01:21:53+00:00,C016,8c35861bbdb96eb4,train_val,0.434977,5000
2026-07-20T01:21:53+00:00,C016,7eed0540a71a926e,val_cost25,-0.278376,5000
2026-07-20T01:23:41+00:00,diag_rangevol_etf,ea6a3dbb61cd075a,diag_val,0.183084,5904
2026-07-20T01:23:42+00:00,diag_rangevol_eq,ba559f0462830707,diag_full,0.721568,13571
2026-08-10T20:48:52+00:00,B002,0fe5062400304dec,train_val,error,0
2026-08-11T01:25:36+00:00,B002,0e998b671f9c7c5c,train_val,-0.762311,4781
2026-08-11T01:25:38+00:00,B002,c952ddb292cd1d36,val_cost25,-3.502906,4781
2026-08-11T01:25:40+00:00,B002,57c4493ab6beb5fc,val_cost5,0.151386,4781
2026-08-11T01:25:43+00:00,B002_p_RETURN_WINDOWx1.25,6c768ecd3bcf8858,val_perturb,-0.444405,4781
2026-08-11T01:25:45+00:00,B002_p_HOLDx0.75,a71c023520ca006e,val_perturb,-1.113718,4781
2026-08-11T01:25:47+00:00,B002_p_HOLDx1.25,205c7be09ecc40ff,val_perturb,-0.75439,4781
2026-08-11T01:25:50+00:00,B003,bb5339e4b8162821,train_val,-0.617947,4781
2026-08-11T01:25:51+00:00,B003,cb4f03f880b6ea78,val_cost25,-1.775823,4781
2026-08-11T01:25:53+00:00,B003,d58735c839b64a17,val_cost5,-0.231761,4781
2026-08-11T01:25:56+00:00,B003_p_EPISODE_Zx0.75,823944e737fa536a,val_perturb,-0.593202,4781
2026-08-11T01:25:59+00:00,B003_p_EPISODE_Zx1.25,28399e19da936a39,val_perturb,-0.650972,4781
2026-08-11T01:26:02+00:00,B003_p_RETURN_WINDOWx0.75,861eb8d9d7662d54,val_perturb,-0.656968,4781
2026-08-11T01:26:05+00:00,B003_p_RETURN_WINDOWx1.25,0568cf8098373525,val_perturb,-0.565997,4781
2026-08-11T01:26:08+00:00,B003_p_VOL_WINDOWx0.75,6f0331439dfcfa45,val_perturb,-0.49764,4781
2026-08-11T01:26:11+00:00,B003_p_VOL_WINDOWx1.25,c56f1bf09bd1ac4c,val_perturb,-0.68526,4781
2026-08-11T01:26:13+00:00,B003_p_HOLDx0.75,b454ac3fb7e443ba,val_perturb,-0.539395,4781
2026-08-11T01:26:14+00:00,B003_p_HOLDx1.25,bfc012341813fa92,val_perturb,-0.641019,4781
2026-08-11T01:26:16+00:00,B003_p_MIN_NAMESx0.75,94a89a318978dfb5,val_perturb,-0.596301,4781
2026-08-11T01:26:17+00:00,B003_p_MIN_NAMESx1.25,ff6fa864d5bba267,val_perturb,-0.553769,4781
2026-08-11T01:26:19+00:00,B003_p_QUANTILEx0.75,0542aa8686866b2b,val_perturb,-0.5443,4781
2026-08-11T01:26:23+00:00,C001,67d7ddc33fee84df,train_val,-1.695168,4781
2026-08-11T01:26:25+00:00,C001,5016d8a836abea6f,val_cost25,-5.537172,4781
2026-08-11T01:26:27+00:00,C001,cb628dfcd5ee9b2b,val_cost5,-0.411617,4781
2026-08-11T01:26:31+00:00,C001_p_SPIKE_Zx0.75,bf651e11a385d1af,val_perturb,-1.650743,4781
2026-08-11T01:26:35+00:00,C001_p_SPIKE_Zx1.25,83e2e21128af08a2,val_perturb,-1.534704,4781
2026-08-11T01:26:39+00:00,C001_p_POST_DAYSx0.75,b84c050873358ac9,val_perturb,-1.696612,4781
2026-08-11T01:26:43+00:00,C001_p_POST_DAYSx1.25,1818d0b4c08a3b56,val_perturb,-1.621903,4781
2026-08-11T01:26:48+00:00,C001_p_WINDOWx0.75,6df44319b3fea074,val_perturb,-1.645286,4781
2026-08-11T01:26:52+00:00,C001_p_WINDOWx1.25,de73f305eee129d7,val_perturb,-1.588301,4781
2026-08-11T01:26:56+00:00,C001_p_MIN_SPIKESx0.75,474876bddc2e5971,val_perturb,-1.702312,4781
2026-08-11T01:27:00+00:00,C001_p_MIN_SPIKESx1.25,6689eb742cbf9e0c,val_perturb,-1.691257,4781
2026-08-11T01:27:04+00:00,C001_p_VOL_WINDOWx0.75,2b69e146899cce5c,val_perturb,-1.665021,4781
2026-08-11T01:27:08+00:00,C001_p_VOL_WINDOWx1.25,d806547fef3ef337,val_perturb,-1.634055,4781
2026-08-11T01:27:12+00:00,C001_p_REVERSAL_WINDOWx0.75,e485303758d2c0b3,val_perturb,-2.070476,4781
2026-08-11T01:27:16+00:00,C001_p_REVERSAL_WINDOWx1.25,a0608a9cf6be064b,val_perturb,-1.558857,4781
2026-08-11T01:27:17+00:00,gate2_C001_C004,2b8928fe1ffdf9af,val_baseline,-1.00543,4781
2026-08-11T01:27:29+00:00,C002,b1ec720afc21687c,train_val,-0.875708,4781
2026-08-11T01:27:31+00:00,C002,82565d8b43b58d7e,val_cost25,-2.473716,4781
2026-08-11T01:27:32+00:00,C002,74862cbe63c4cd7f,val_cost5,-0.333703,4781
2026-08-11T01:27:44+00:00,C002_p_FIRST_DAYSx0.75,ea596f545e4e61a1,val_perturb,-0.724899,4781
2026-08-11T01:27:55+00:00,C002_p_FIRST_DAYSx1.25,94c155b921e382ec,val_perturb,-0.943135,4781
2026-08-11T01:28:07+00:00,C002_p_LAST_DAYSx0.75,7e6160afa2ba0aae,val_perturb,-0.784583,4780
2026-08-11T01:28:19+00:00,C002_p_LAST_DAYSx1.25,1f99814d0fbd28c9,val_perturb,-0.935382,4781
2026-08-11T01:28:30+00:00,C002_p_RETURN_WINDOWx1.25,f0bb5a73999e34f0,val_perturb,-0.658064,4781
2026-08-11T01:28:32+00:00,C002_p_HOLDx0.75,45aa49410e8273a7,val_perturb,-1.080106,4781
2026-08-11T01:28:33+00:00,C002_p_HOLDx1.25,f1418d7a57c7b027,val_perturb,-0.828851,4781
2026-08-11T01:28:35+00:00,gate2_C002_ungated_ret1,0a1c96364029d7f3,val_baseline,-0.762311,4781
2026-08-11T01:28:41+00:00,C003,8f6fc87dd8d8be70,train_val,-1.204976,4781
2026-08-11T01:28:42+00:00,C003,65f46f33c7337fbb,val_cost25,-2.512718,4781
2026-08-11T01:28:43+00:00,C003,d7066fa7e44c9655,val_cost5,-0.768147,4781
2026-08-11T01:28:50+00:00,C003_p_EPISODE_Zx0.75,3fe21b74930f8a84,val_perturb,-0.877224,4781
2026-08-11T01:28:56+00:00,C003_p_EPISODE_Zx1.25,a6ed332bc6bb75f5,val_perturb,-1.255691,4781
2026-08-11T01:29:03+00:00,C003_p_LOOKBACKx0.75,0f4e7213f9a65ac8,val_perturb,-1.296983,4781
2026-08-11T01:29:09+00:00,C003_p_LOOKBACKx1.25,a67e45074918c22b,val_perturb,-1.176054,4781
2026-08-11T01:29:14+00:00,C003_p_VOL_WINDOWx0.75,d11f702a981272d7,val_perturb,-1.015953,4781
2026-08-11T01:29:20+00:00,C003_p_VOL_WINDOWx1.25,396446f6e2a297a7,val_perturb,-0.994486,4781
2026-08-11T01:29:25+00:00,C003_p_RETURN_WINDOWx1.25,2cb41b6c64b5a884,val_perturb,-1.147117,4781
2026-08-11T01:29:30+00:00,C003_p_BREADTH_THRESHOLDx0.75,b27157d6da7552df,val_perturb,-1.146054,4781
2026-08-11T01:29:36+00:00,C003_p_BREADTH_THRESHOLDx1.25,fd69ad0546bafe12,val_perturb,-1.251865,4781
2026-08-11T01:29:41+00:00,C003_p_BROAD_TAILx0.75,3aa3d2907b5c2fc8,val_perturb,-1.095926,4781
2026-08-11T01:29:47+00:00,C003_p_BROAD_TAILx1.25,32dea5448e5b0ebd,val_perturb,-1.304312,4781
2026-08-11T01:29:52+00:00,C003_p_THIN_TAILx0.75,e01ca0064a061acb,val_perturb,-1.205722,4781
2026-08-11T01:29:58+00:00,C003_p_THIN_TAILx1.25,e46e4fdbf0273757,val_perturb,-1.236344,4781
2026-08-11T01:29:59+00:00,C003_p_HOLDx0.75,2cae1a191e86f403,val_perturb,-1.370807,4781
2026-08-11T01:30:00+00:00,C003_p_HOLDx1.25,6dace25d5c03f650,val_perturb,-1.156556,4781
2026-08-11T01:30:02+00:00,C003_p_QUANTILEx0.75,3c8d7e7aff63c799,val_perturb,-1.177287,4781
2026-08-11T01:30:05+00:00,C003_p_MIN_NAMESx0.75,d0da12ef294148e9,val_perturb,-1.052987,4781
2026-08-11T01:30:07+00:00,C003_p_MIN_NAMESx1.25,294c1955949b8cc2,val_perturb,-1.256836,4781
2026-08-11T01:30:10+00:00,gate2_C003_spike_entry,5ac3aef1654b1bc0,val_baseline,-0.617947,4781
2026-08-11T01:30:11+00:00,gate2_C003_plain_ret5,220c8d87100fc789,val_baseline,-0.143128,4781
2026-08-11T01:30:13+00:00,C004,8f6842f77c80b6a5,train_val,-1.00543,4781
2026-08-11T01:30:15+00:00,C004,430fe11c437ab33f,val_cost25,-3.882624,4781
2026-08-11T01:30:16+00:00,C004,4e2098ade50cc136,val_cost5,-0.044061,4781
2026-08-11T01:30:18+00:00,C004_p_RETURN_WINDOWx0.75,e16c091a888fbf96,val_perturb,-1.404693,4781
2026-08-11T01:30:19+00:00,C004_p_RETURN_WINDOWx1.25,150df732ea88ae0d,val_perturb,-0.928438,4781
2026-08-11T01:30:22+00:00,C005,8e1fe1ecaa7eb284,train_val,-2.557011,4781
2026-08-11T01:30:24+00:00,C005,769fa54865ab0d38,val_cost25,-7.802855,4781
2026-08-11T01:30:25+00:00,C005,acff2ce23afafe5d,val_cost5,-0.804563,4781
2026-08-11T01:30:28+00:00,C005_p_RETURN_WINDOWx0.75,c023f771c3f69055,val_perturb,-2.913828,4781
2026-08-11T01:30:32+00:00,C005_p_RETURN_WINDOWx1.25,7e0d73848065a95e,val_perturb,-2.409964,4781
2026-08-11T01:30:35+00:00,C005_p_VOL_WINDOWx0.75,68f1760d2a8e9a71,val_perturb,-2.461628,4781
2026-08-11T01:30:38+00:00,C005_p_VOL_WINDOWx1.25,4ffed0fa4e5a3d1b,val_perturb,-2.616826,4781
2026-08-11T01:30:40+00:00,C006,fc1349de7f4fc169,train_val,-1.349531,4781
2026-08-11T01:30:42+00:00,C006,5de5638009e6149c,val_cost25,-4.460241,4781
2026-08-11T01:30:44+00:00,C006,0a0b1b2b4cca3b1f,val_cost5,-0.308901,4781
2026-08-11T01:30:46+00:00,C006_p_REVERSAL_WINDOWx0.75,bc443b44572050f9,val_perturb,-1.692863,4781
2026-08-11T01:30:48+00:00,C006_p_REVERSAL_WINDOWx1.25,44aad034dc90a736,val_perturb,-1.129114,4781
2026-08-11T01:30:50+00:00,C006_p_MIN_PERIODSx0.75,0f76d8a20fabc9ed,val_perturb,-1.346655,4781
2026-08-11T01:30:52+00:00,C006_p_MIN_PERIODSx1.25,38f633e2e5229e32,val_perturb,-1.352949,4781
2026-08-11T01:30:55+00:00,C007,4bc6a0652778b5d2,train_val,-3.122175,4781
2026-08-11T01:30:56+00:00,C007,059939833d1f391d,val_cost25,-8.143111,4781
2026-08-11T01:30:58+00:00,C007,a70a52e62c211145,val_cost5,-1.443969,4781
2026-08-11T01:31:00+00:00,C007_p_BAND_LAGx0.75,cf19c21c0c920bb9,val_perturb,-2.997992,4781
2026-08-11T01:31:02+00:00,C007_p_BAND_LAGx1.25,fb0378110ad6fd46,val_perturb,-3.735564,4781
2026-08-11T01:31:04+00:00,C007_p_BAND_LENx0.75,54aa07363c75bc6c,val_perturb,-4.627068,4781
2026-08-11T01:31:06+00:00,C007_p_BAND_LENx1.25,0a23830b769192bc,val_perturb,-2.728212,4781
2026-08-11T01:31:08+00:00,gate2_C007_C004_correlation,fa2950d489b28b18,val_baseline,-1.00543,4781
2026-08-11T01:31:12+00:00,C008,4c2d355967680a34,train_val,-3.697761,4781
2026-08-11T01:31:14+00:00,C008,e119eed84b214677,val_cost25,-8.416506,4781
2026-08-11T01:31:15+00:00,C008,a98c9add5fc23b09,val_cost5,-2.10175,4781
2026-08-11T01:31:19+00:00,C008_p_SMOOTHx0.75,0423c117ae377846,val_perturb,-4.784277,4781
2026-08-11T01:31:23+00:00,C008_p_SMOOTHx1.25,2d1d51e0c5cabed0,val_perturb,-3.239109,4781
2026-08-11T01:31:28+00:00,C008_p_MIN_PERIODSx0.75,bb7846f8f99725c3,val_perturb,-3.69171,4781
2026-08-11T01:31:31+00:00,C008_p_MIN_PERIODSx1.25,28ee6598f00f9bf3,val_perturb,-3.704157,4781
2026-08-11T01:31:33+00:00,gate2_C008_C004_correlation,e70ee3427b55451e,val_baseline,-1.00543,4781
2026-08-11T01:31:35+00:00,gate2_C008_C006_correlation,888c86ba292ca579,val_baseline,-1.349531,4781
2026-08-11T01:31:37+00:00,C009,9349d70e0181fb38,train_val,error,0
2026-08-11T01:34:46+00:00,C009,88a7f840215dc2a6,train_val,-4.364483,4781
2026-08-11T01:34:48+00:00,C009,43f92d6a0d178150,val_cost25,-10.520679,4781
2026-08-11T01:34:50+00:00,C009,40a866bca75f2724,val_cost5,-2.270391,4781
2026-08-11T01:34:52+00:00,C009_p_RETURN_WINDOWx1.25,1a80ef607ac22a7f,val_perturb,-2.909303,4781
2026-08-11T01:34:53+00:00,gate2_C009_C004_correlation,0f1855dc15add1bf,val_baseline,-1.00543,4781
2026-08-11T01:34:57+00:00,C010,01dc38eaaf0bee0e,train_val,0.655477,4781
2026-08-11T01:34:58+00:00,C010,22860944b2acd6c0,val_cost25,0.428736,4781
2026-08-11T01:35:00+00:00,C010,54ecf11b8445ba20,val_cost5,0.731052,4781
2026-08-11T01:35:04+00:00,C010_p_EXPR[2]x0.75,5a28c441c48ddeee,val_perturb,0.519577,4781
2026-08-11T01:35:07+00:00,C010_p_EXPR[2]x1.25,3773143b2a13b4f8,val_perturb,0.68028,4781
2026-08-11T01:35:10+00:00,C011,85e5a3c4f15cdd12,train_val,-0.422731,4781
2026-08-11T01:35:11+00:00,C011,cb4641602ea6393a,val_cost25,-1.803692,4781
2026-08-11T01:35:13+00:00,C011,52fabda74eb0ec3f,val_cost5,0.037677,4781
2026-08-11T01:35:16+00:00,C011_p_RETURN_WINDOWx0.75,ffe5382f4ab6b62b,val_perturb,-0.53623,4781
2026-08-11T01:35:19+00:00,C011_p_RETURN_WINDOWx1.25,05e92230cffe7f25,val_perturb,-0.32667,4781
2026-08-11T01:35:22+00:00,C011_p_EXPR[2]x0.75,6cf4f50f8e310604,val_perturb,-0.452441,4781
2026-08-11T01:35:25+00:00,C011_p_EXPR[2]x1.25,8edd08530ae9a2cd,val_perturb,-0.413449,4781
2026-08-11T01:35:27+00:00,C012,defcb6db3d437b02,train_val,-0.468573,4781
2026-08-11T01:35:29+00:00,C012,2ef9eaac6f706805,val_cost25,-1.866578,4781
2026-08-11T01:35:30+00:00,C012,dc0e396f2a9e1d12,val_cost5,-0.002525,4781
2026-08-11T01:35:32+00:00,C012_p_RETURN_WINDOWx0.75,bac007a9714b1c29,val_perturb,-0.598567,4781
2026-08-11T01:35:33+00:00,C012_p_RETURN_WINDOWx1.25,c60cbb576965ded8,val_perturb,-0.385178,4781
2026-08-11T01:35:37+00:00,C013,a64c27ef094f448f,train_val,-0.023316,4781
2026-08-11T01:35:39+00:00,C013,18563d19a370b128,val_cost25,-0.54122,4781
2026-08-11T01:35:40+00:00,C013,5af8f691d8249875,val_cost5,0.149323,4781
2026-08-11T01:35:44+00:00,C013_p_SPIKE_Zx0.75,f0060a0c2692cedb,val_perturb,-0.050766,4781
2026-08-11T01:35:47+00:00,C013_p_SPIKE_Zx1.25,2e3f9685a56285d5,val_perturb,-0.020496,4781
2026-08-11T01:35:51+00:00,C013_p_POST_DAYSx0.75,3902f6ed14978be2,val_perturb,-0.013215,4781
2026-08-11T01:35:54+00:00,C013_p_POST_DAYSx1.25,9cb73818d5ea3f67,val_perturb,-0.012619,4781
2026-08-11T01:35:58+00:00,C013_p_WINDOWx0.75,eb9ccf9cd3ddec75,val_perturb,-0.00298,4781
2026-08-11T01:36:01+00:00,C013_p_WINDOWx1.25,3957d9073abddba5,val_perturb,0.014567,4781
2026-08-11T01:36:05+00:00,C013_p_MIN_SPIKESx0.75,da24e5d9b54e09df,val_perturb,-0.015684,4781
2026-08-11T01:36:09+00:00,C013_p_MIN_SPIKESx1.25,a78ce61f721a5e83,val_perturb,-0.017548,4781
2026-08-11T01:36:13+00:00,C013_p_VOL_WINDOWx0.75,f5d47190ff91da3a,val_perturb,-0.005509,4781
2026-08-11T01:36:16+00:00,C013_p_VOL_WINDOWx1.25,4458e040fcb4c209,val_perturb,-0.014195,4781
2026-08-11T01:36:20+00:00,C013_p_RETURN_WINDOWx0.75,26b4071f89104e4c,val_perturb,-0.025095,4781
2026-08-11T01:36:23+00:00,C013_p_RETURN_WINDOWx1.25,32686b5d474e3b42,val_perturb,0.072584,4781
2026-08-11T01:36:25+00:00,C013_p_HOLDx0.75,f2945df94106ca3f,val_perturb,-0.080219,4781
2026-08-11T01:36:26+00:00,C013_p_HOLDx1.25,cf1e55b7ef2d13db,val_perturb,0.04643,4781
2026-08-11T01:36:28+00:00,gate2_C013_C012_same_hold,391752c089a61434,val_baseline,-0.014338,4781
2026-08-11T01:36:31+00:00,C014,da6518b01931920f,train_val,-0.454865,4781
2026-08-11T01:36:33+00:00,C014,bf39aa0893403d4b,val_cost25,-1.327018,4781
2026-08-11T01:36:34+00:00,C014,0915054058294054,val_cost5,-0.164069,4781
2026-08-11T01:36:37+00:00,C014_p_SMOOTHx0.75,706fd89a040eb734,val_perturb,-0.474396,4781
2026-08-11T01:36:40+00:00,C014_p_SMOOTHx1.25,dece9611a29fd0d0,val_perturb,-0.41663,4781
2026-08-11T01:36:43+00:00,C014_p_MIN_PERIODSx0.75,006de297a4d87a0f,val_perturb,-0.454285,4781
2026-08-11T01:36:46+00:00,C014_p_MIN_PERIODSx1.25,c95274a08bea45d8,val_perturb,-0.454474,4781
2026-08-11T01:36:49+00:00,C014_p_VOL_WINDOWx0.75,de3e4ab81b64453f,val_perturb,-0.518268,4781
2026-08-11T01:36:52+00:00,C014_p_VOL_WINDOWx1.25,6c207f4f1b76d892,val_perturb,-0.332241,4781
2026-08-11T01:36:54+00:00,C014_p_HOLDx0.75,b549695e7b619e39,val_perturb,-0.62049,4781
2026-08-11T01:36:55+00:00,C014_p_HOLDx1.25,ddb48a3713989e4b,val_perturb,-0.376254,4781
2026-08-11T01:36:58+00:00,C015,56ee26bdd496414c,train_val,0.735482,4781
2026-08-11T01:37:00+00:00,C015,94fbc5148e05c622,val_cost25,0.600363,4781
2026-08-11T01:37:01+00:00,C015,6d5ff838cce86ce4,val_cost5,0.78052,4781
2026-08-11T01:37:04+00:00,C015_p_WINDOWx0.75,132f102393306c2c,val_perturb,0.621363,4781
2026-08-11T01:37:06+00:00,C015_p_WINDOWx1.25,ce25b14416948bd5,val_perturb,0.730184,4781
2026-08-11T01:37:08+00:00,C015_p_HOLDx0.75,b7b80cf165f0c41a,val_perturb,0.725143,4781
2026-08-11T01:37:09+00:00,C015_p_HOLDx1.25,fa045815d23be40e,val_perturb,0.739492,4781
2026-08-11T01:37:13+00:00,C016,4ddb432216f12491,train_val,0.443689,4781
2026-08-11T01:37:13+00:00,C016,6262921853af824b,val_cost25,-0.262367,4781
2026-08-11T01:37:13+00:00,C016,550bb3da82617c66,val_cost10,0.267153,4781
2026-08-11T01:37:14+00:00,C016_p_VOL_WINDOWx0.75,566732fb209798f7,val_perturb,0.426372,4781
2026-08-11T01:37:14+00:00,C016_p_VOL_WINDOWx1.25,ff0a76eefd3a7d13,val_perturb,0.366121,4781
2026-08-11T01:37:14+00:00,C016_p_HOLDx0.75,7bd9a5a340da6b88,val_perturb,0.427879,4781
2026-08-11T01:37:14+00:00,C016_p_HOLDx1.25,32f1a5331c646eda,val_perturb,0.45137,4781
2026-08-11T01:37:14+00:00,C016_p_QUANTILEx0.75,44cdf98604694d0a,val_perturb,0.450383,4781
2026-08-11T01:37:14+00:00,C016_p_QUANTILEx1.25,116356ab33d61fc1,val_perturb,0.33539,4781
2026-08-11T01:37:15+00:00,C016_p_MIN_NAMESx0.75,4f4d1e2266d3a40c,val_perturb,0.443689,4781
2026-08-11T01:37:15+00:00,C016_p_MIN_NAMESx0.75,3c477a98a4dc3945,val_perturb,error,0
2026-08-11T01:37:15+00:00,C016_p_MIN_NAMESx1.25,ad983f3400892585,val_perturb,0.479312,4412
2026-08-11T01:37:15+00:00,C016_p_MIN_NAMESx1.25,84bfe365e1de8d27,val_perturb,error,0
2026-08-11T01:37:15+00:00,C016_p_EXPR[2]x0.75,01eb79bbbf08a6a8,val_perturb,0.233677,4781
2026-08-11T01:37:15+00:00,C016_p_EXPR[2]x1.25,1f6bc3dd8623d428,val_perturb,0.259407,4781
2026-08-11T01:38:21+00:00,B002,0e998b671f9c7c5c,train_val,-0.762311,4781
2026-08-11T01:38:24+00:00,B002,c952ddb292cd1d36,val_cost25,-3.502906,4781
2026-08-11T01:38:26+00:00,B002,57c4493ab6beb5fc,val_cost5,0.151386,4781
2026-08-11T01:38:28+00:00,B002_p_RETURN_WINDOWx1.25,6c768ecd3bcf8858,val_perturb,-0.444405,4781
2026-08-11T01:38:30+00:00,B002_p_HOLDx0.75,a71c023520ca006e,val_perturb,-1.113718,4781
2026-08-11T01:38:32+00:00,B002_p_HOLDx1.25,205c7be09ecc40ff,val_perturb,-0.75439,4781
2026-08-11T01:38:35+00:00,B003,bb5339e4b8162821,train_val,-0.617947,4781
2026-08-11T01:38:36+00:00,B003,cb4f03f880b6ea78,val_cost25,-1.775823,4781
2026-08-11T01:38:38+00:00,B003,d58735c839b64a17,val_cost5,-0.231761,4781
2026-08-11T01:38:41+00:00,B003_p_EPISODE_Zx0.75,823944e737fa536a,val_perturb,-0.593202,4781
2026-08-11T01:38:44+00:00,B003_p_EPISODE_Zx1.25,28399e19da936a39,val_perturb,-0.650972,4781
2026-08-11T01:38:47+00:00,B003_p_RETURN_WINDOWx0.75,861eb8d9d7662d54,val_perturb,-0.656968,4781
2026-08-11T01:38:50+00:00,B003_p_RETURN_WINDOWx1.25,0568cf8098373525,val_perturb,-0.565997,4781
2026-08-11T01:38:52+00:00,B003_p_VOL_WINDOWx0.75,6f0331439dfcfa45,val_perturb,-0.49764,4781
2026-08-11T01:38:56+00:00,B003_p_VOL_WINDOWx1.25,c56f1bf09bd1ac4c,val_perturb,-0.68526,4781
2026-08-11T01:38:57+00:00,B003_p_HOLDx0.75,b454ac3fb7e443ba,val_perturb,-0.539395,4781
2026-08-11T01:38:59+00:00,B003_p_HOLDx1.25,bfc012341813fa92,val_perturb,-0.641019,4781
2026-08-11T01:39:01+00:00,B003_p_MIN_NAMESx0.75,94a89a318978dfb5,val_perturb,-0.596301,4781
2026-08-11T01:39:03+00:00,B003_p_MIN_NAMESx1.25,ff6fa864d5bba267,val_perturb,-0.553769,4781
2026-08-11T01:39:04+00:00,B003_p_QUANTILEx0.75,0542aa8686866b2b,val_perturb,-0.5443,4781
2026-08-11T01:39:09+00:00,C001,67d7ddc33fee84df,train_val,-1.695168,4781
2026-08-11T01:39:11+00:00,C001,5016d8a836abea6f,val_cost25,-5.537172,4781
2026-08-11T01:39:13+00:00,C001,cb628dfcd5ee9b2b,val_cost5,-0.411617,4781
2026-08-11T01:39:17+00:00,C001_p_SPIKE_Zx0.75,bf651e11a385d1af,val_perturb,-1.650743,4781
2026-08-11T01:39:21+00:00,C001_p_SPIKE_Zx1.25,83e2e21128af08a2,val_perturb,-1.534704,4781
2026-08-11T01:39:25+00:00,C001_p_POST_DAYSx0.75,b84c050873358ac9,val_perturb,-1.696612,4781
2026-08-11T01:39:29+00:00,C001_p_POST_DAYSx1.25,1818d0b4c08a3b56,val_perturb,-1.621903,4781
2026-08-11T01:39:33+00:00,C001_p_WINDOWx0.75,6df44319b3fea074,val_perturb,-1.645286,4781
2026-08-11T01:39:37+00:00,C001_p_WINDOWx1.25,de73f305eee129d7,val_perturb,-1.588301,4781
2026-08-11T01:39:40+00:00,C001_p_MIN_SPIKESx0.75,474876bddc2e5971,val_perturb,-1.702312,4781
2026-08-11T01:39:44+00:00,C001_p_MIN_SPIKESx1.25,6689eb742cbf9e0c,val_perturb,-1.691257,4781
2026-08-11T01:39:48+00:00,C001_p_VOL_WINDOWx0.75,2b69e146899cce5c,val_perturb,-1.665021,4781
2026-08-11T01:39:52+00:00,C001_p_VOL_WINDOWx1.25,d806547fef3ef337,val_perturb,-1.634055,4781
2026-08-11T01:39:55+00:00,C001_p_REVERSAL_WINDOWx0.75,e485303758d2c0b3,val_perturb,-2.070476,4781
2026-08-11T01:39:59+00:00,C001_p_REVERSAL_WINDOWx1.25,a0608a9cf6be064b,val_perturb,-1.558857,4781
2026-08-11T01:40:00+00:00,gate2_C001_C004,2b8928fe1ffdf9af,val_baseline,-1.00543,4781
2026-08-11T01:40:15+00:00,C002,b1ec720afc21687c,train_val,-0.875708,4781
2026-08-11T01:40:16+00:00,C002,82565d8b43b58d7e,val_cost25,-2.473716,4781
2026-08-11T01:40:17+00:00,C002,74862cbe63c4cd7f,val_cost5,-0.333703,4781
2026-08-11T01:40:28+00:00,C002_p_FIRST_DAYSx0.75,ea596f545e4e61a1,val_perturb,-0.724899,4781
2026-08-11T01:40:38+00:00,C002_p_FIRST_DAYSx1.25,94c155b921e382ec,val_perturb,-0.943135,4781
2026-08-11T01:40:49+00:00,C002_p_LAST_DAYSx0.75,7e6160afa2ba0aae,val_perturb,-0.784583,4780
2026-08-11T01:41:00+00:00,C002_p_LAST_DAYSx1.25,1f99814d0fbd28c9,val_perturb,-0.935382,4781
2026-08-11T01:41:12+00:00,C002_p_RETURN_WINDOWx1.25,f0bb5a73999e34f0,val_perturb,-0.658064,4781
2026-08-11T01:41:13+00:00,C002_p_HOLDx0.75,45aa49410e8273a7,val_perturb,-1.080106,4781
2026-08-11T01:41:15+00:00,C002_p_HOLDx1.25,f1418d7a57c7b027,val_perturb,-0.828851,4781
2026-08-11T01:41:16+00:00,gate2_C002_ungated_ret1,0a1c96364029d7f3,val_baseline,-0.762311,4781
2026-08-11T01:41:22+00:00,C003,8f6fc87dd8d8be70,train_val,-1.204976,4781
2026-08-11T01:41:24+00:00,C003,65f46f33c7337fbb,val_cost25,-2.512718,4781
2026-08-11T01:41:25+00:00,C003,d7066fa7e44c9655,val_cost5,-0.768147,4781
2026-08-11T01:41:31+00:00,C003_p_EPISODE_Zx0.75,3fe21b74930f8a84,val_perturb,-0.877224,4781
2026-08-11T01:41:36+00:00,C003_p_EPISODE_Zx1.25,a6ed332bc6bb75f5,val_perturb,-1.255691,4781
2026-08-11T01:41:42+00:00,C003_p_LOOKBACKx0.75,0f4e7213f9a65ac8,val_perturb,-1.296983,4781
2026-08-11T01:41:49+00:00,C003_p_LOOKBACKx1.25,a67e45074918c22b,val_perturb,-1.176054,4781
2026-08-11T01:41:56+00:00,C003_p_VOL_WINDOWx0.75,d11f702a981272d7,val_perturb,-1.015953,4781
2026-08-11T01:42:04+00:00,C003_p_VOL_WINDOWx1.25,396446f6e2a297a7,val_perturb,-0.994486,4781
2026-08-11T01:42:11+00:00,C003_p_RETURN_WINDOWx1.25,2cb41b6c64b5a884,val_perturb,-1.147117,4781
2026-08-11T01:42:18+00:00,C003_p_BREADTH_THRESHOLDx0.75,b27157d6da7552df,val_perturb,-1.146054,4781
2026-08-11T01:42:24+00:00,C003_p_BREADTH_THRESHOLDx1.25,fd69ad0546bafe12,val_perturb,-1.251865,4781
2026-08-11T01:42:31+00:00,C003_p_BROAD_TAILx0.75,3aa3d2907b5c2fc8,val_perturb,-1.095926,4781
2026-08-11T01:42:38+00:00,C003_p_BROAD_TAILx1.25,32dea5448e5b0ebd,val_perturb,-1.304312,4781
2026-08-11T01:42:44+00:00,C003_p_THIN_TAILx0.75,e01ca0064a061acb,val_perturb,-1.205722,4781
2026-08-11T01:42:51+00:00,C003_p_THIN_TAILx1.25,e46e4fdbf0273757,val_perturb,-1.236344,4781
2026-08-11T01:42:52+00:00,C003_p_HOLDx0.75,2cae1a191e86f403,val_perturb,-1.370807,4781
2026-08-11T01:42:54+00:00,C003_p_HOLDx1.25,6dace25d5c03f650,val_perturb,-1.156556,4781
2026-08-11T01:42:56+00:00,C003_p_QUANTILEx0.75,3c8d7e7aff63c799,val_perturb,-1.177287,4781
2026-08-11T01:42:58+00:00,C003_p_MIN_NAMESx0.75,d0da12ef294148e9,val_perturb,-1.052987,4781
2026-08-11T01:42:59+00:00,C003_p_MIN_NAMESx1.25,294c1955949b8cc2,val_perturb,-1.256836,4781
2026-08-11T01:43:02+00:00,gate2_C003_spike_entry,5ac3aef1654b1bc0,val_baseline,-0.617947,4781
2026-08-11T01:43:04+00:00,gate2_C003_plain_ret5,220c8d87100fc789,val_baseline,-0.143128,4781
2026-08-11T01:43:06+00:00,C004,8f6842f77c80b6a5,train_val,-1.00543,4781
2026-08-11T01:43:08+00:00,C004,430fe11c437ab33f,val_cost25,-3.882624,4781
2026-08-11T01:43:10+00:00,C004,4e2098ade50cc136,val_cost5,-0.044061,4781
2026-08-11T01:43:12+00:00,C004_p_RETURN_WINDOWx0.75,e16c091a888fbf96,val_perturb,-1.404693,4781
2026-08-11T01:43:13+00:00,C004_p_RETURN_WINDOWx1.25,150df732ea88ae0d,val_perturb,-0.928438,4781
2026-08-11T01:43:17+00:00,C005,8e1fe1ecaa7eb284,train_val,-2.557011,4781
2026-08-11T01:43:19+00:00,C005,769fa54865ab0d38,val_cost25,-7.802855,4781
2026-08-11T01:43:20+00:00,C005,acff2ce23afafe5d,val_cost5,-0.804563,4781
2026-08-11T01:43:24+00:00,C005_p_RETURN_WINDOWx0.75,c023f771c3f69055,val_perturb,-2.913828,4781
2026-08-11T01:43:28+00:00,C005_p_RETURN_WINDOWx1.25,7e0d73848065a95e,val_perturb,-2.409964,4781
2026-08-11T01:43:32+00:00,C005_p_VOL_WINDOWx0.75,68f1760d2a8e9a71,val_perturb,-2.461628,4781
2026-08-11T01:43:35+00:00,C005_p_VOL_WINDOWx1.25,4ffed0fa4e5a3d1b,val_perturb,-2.616826,4781
2026-08-11T01:43:37+00:00,C006,fc1349de7f4fc169,train_val,-1.349531,4781
2026-08-11T01:43:39+00:00,C006,5de5638009e6149c,val_cost25,-4.460241,4781
2026-08-11T01:43:40+00:00,C006,0a0b1b2b4cca3b1f,val_cost5,-0.308901,4781
2026-08-11T01:43:43+00:00,C006_p_REVERSAL_WINDOWx0.75,bc443b44572050f9,val_perturb,-1.692863,4781
2026-08-11T01:43:45+00:00,C006_p_REVERSAL_WINDOWx1.25,44aad034dc90a736,val_perturb,-1.129114,4781
2026-08-11T01:43:47+00:00,C006_p_MIN_PERIODSx0.75,0f76d8a20fabc9ed,val_perturb,-1.346655,4781
2026-08-11T01:43:49+00:00,C006_p_MIN_PERIODSx1.25,38f633e2e5229e32,val_perturb,-1.352949,4781
2026-08-11T01:43:51+00:00,C007,4bc6a0652778b5d2,train_val,-3.122175,4781
2026-08-11T01:43:52+00:00,C007,059939833d1f391d,val_cost25,-8.143111,4781
2026-08-11T01:43:54+00:00,C007,a70a52e62c211145,val_cost5,-1.443969,4781
2026-08-11T01:43:55+00:00,C007_p_BAND_LAGx0.75,cf19c21c0c920bb9,val_perturb,-2.997992,4781
2026-08-11T01:43:57+00:00,C007_p_BAND_LAGx1.25,fb0378110ad6fd46,val_perturb,-3.735564,4781
2026-08-11T01:43:59+00:00,C007_p_BAND_LENx0.75,54aa07363c75bc6c,val_perturb,-4.627068,4781
2026-08-11T01:44:01+00:00,C007_p_BAND_LENx1.25,0a23830b769192bc,val_perturb,-2.728212,4781
2026-08-11T01:44:02+00:00,gate2_C007_C004_correlation,fa2950d489b28b18,val_baseline,-1.00543,4781
2026-08-11T01:44:06+00:00,C008,4c2d355967680a34,train_val,-3.697761,4781
2026-08-11T01:44:08+00:00,C008,e119eed84b214677,val_cost25,-8.416506,4781
2026-08-11T01:44:09+00:00,C008,a98c9add5fc23b09,val_cost5,-2.10175,4781
2026-08-11T01:44:12+00:00,C008_p_SMOOTHx0.75,0423c117ae377846,val_perturb,-4.784277,4781
2026-08-11T01:44:15+00:00,C008_p_SMOOTHx1.25,2d1d51e0c5cabed0,val_perturb,-3.239109,4781
2026-08-11T01:44:18+00:00,C008_p_MIN_PERIODSx0.75,bb7846f8f99725c3,val_perturb,-3.69171,4781
2026-08-11T01:44:21+00:00,C008_p_MIN_PERIODSx1.25,28ee6598f00f9bf3,val_perturb,-3.704157,4781
2026-08-11T01:44:22+00:00,gate2_C008_C004_correlation,e70ee3427b55451e,val_baseline,-1.00543,4781
2026-08-11T01:44:24+00:00,gate2_C008_C006_correlation,888c86ba292ca579,val_baseline,-1.349531,4781
2026-08-11T01:44:25+00:00,C009,88a7f840215dc2a6,train_val,-4.364483,4781
2026-08-11T01:44:26+00:00,C009,43f92d6a0d178150,val_cost25,-10.520679,4781
2026-08-11T01:44:28+00:00,C009,40a866bca75f2724,val_cost5,-2.270391,4781
2026-08-11T01:44:29+00:00,C009_p_RETURN_WINDOWx1.25,1a80ef607ac22a7f,val_perturb,-2.909303,4781
2026-08-11T01:44:31+00:00,gate2_C009_C004_correlation,0f1855dc15add1bf,val_baseline,-1.00543,4781
2026-08-11T01:44:33+00:00,C010,01dc38eaaf0bee0e,train_val,0.655477,4781
2026-08-11T01:44:34+00:00,C010,22860944b2acd6c0,val_cost25,0.428736,4781
2026-08-11T01:44:36+00:00,C010,54ecf11b8445ba20,val_cost5,0.731052,4781
2026-08-11T01:44:38+00:00,C010_p_EXPR[2]x0.75,5a28c441c48ddeee,val_perturb,0.519577,4781
2026-08-11T01:44:41+00:00,C010_p_EXPR[2]x1.25,3773143b2a13b4f8,val_perturb,0.68028,4781
2026-08-11T01:44:44+00:00,C011,85e5a3c4f15cdd12,train_val,-0.422731,4781
2026-08-11T01:44:45+00:00,C011,cb4641602ea6393a,val_cost25,-1.803692,4781
2026-08-11T01:44:47+00:00,C011,52fabda74eb0ec3f,val_cost5,0.037677,4781
2026-08-11T01:44:49+00:00,C011_p_RETURN_WINDOWx0.75,ffe5382f4ab6b62b,val_perturb,-0.53623,4781
2026-08-11T01:44:53+00:00,C011_p_RETURN_WINDOWx1.25,05e92230cffe7f25,val_perturb,-0.32667,4781
2026-08-11T01:44:56+00:00,C011_p_EXPR[2]x0.75,6cf4f50f8e310604,val_perturb,-0.452441,4781
2026-08-11T01:44:59+00:00,C011_p_EXPR[2]x1.25,8edd08530ae9a2cd,val_perturb,-0.413449,4781
2026-08-11T01:45:02+00:00,C012,defcb6db3d437b02,train_val,-0.468573,4781
2026-08-11T01:45:05+00:00,C012,2ef9eaac6f706805,val_cost25,-1.866578,4781
2026-08-11T01:45:07+00:00,C012,dc0e396f2a9e1d12,val_cost5,-0.002525,4781
2026-08-11T01:45:09+00:00,C012_p_RETURN_WINDOWx0.75,bac007a9714b1c29,val_perturb,-0.598567,4781
2026-08-11T01:45:10+00:00,C012_p_RETURN_WINDOWx1.25,c60cbb576965ded8,val_perturb,-0.385178,4781
2026-08-11T01:45:15+00:00,C013,a64c27ef094f448f,train_val,-0.023316,4781
2026-08-11T01:45:17+00:00,C013,18563d19a370b128,val_cost25,-0.54122,4781
2026-08-11T01:45:18+00:00,C013,5af8f691d8249875,val_cost5,0.149323,4781
2026-08-11T01:45:23+00:00,C013_p_SPIKE_Zx0.75,f0060a0c2692cedb,val_perturb,-0.050766,4781
2026-08-11T01:45:27+00:00,C013_p_SPIKE_Zx1.25,2e3f9685a56285d5,val_perturb,-0.020496,4781
2026-08-11T01:45:32+00:00,C013_p_POST_DAYSx0.75,3902f6ed14978be2,val_perturb,-0.013215,4781
2026-08-11T01:45:36+00:00,C013_p_POST_DAYSx1.25,9cb73818d5ea3f67,val_perturb,-0.012619,4781
2026-08-11T01:45:41+00:00,C013_p_WINDOWx0.75,eb9ccf9cd3ddec75,val_perturb,-0.00298,4781
2026-08-11T01:45:45+00:00,C013_p_WINDOWx1.25,3957d9073abddba5,val_perturb,0.014567,4781
2026-08-11T01:45:50+00:00,C013_p_MIN_SPIKESx0.75,da24e5d9b54e09df,val_perturb,-0.015684,4781
2026-08-11T01:45:54+00:00,C013_p_MIN_SPIKESx1.25,a78ce61f721a5e83,val_perturb,-0.017548,4781
2026-08-11T01:45:58+00:00,C013_p_VOL_WINDOWx0.75,f5d47190ff91da3a,val_perturb,-0.005509,4781
2026-08-11T01:46:03+00:00,C013_p_VOL_WINDOWx1.25,4458e040fcb4c209,val_perturb,-0.014195,4781
2026-08-11T01:46:07+00:00,C013_p_RETURN_WINDOWx0.75,26b4071f89104e4c,val_perturb,-0.025095,4781
2026-08-11T01:46:12+00:00,C013_p_RETURN_WINDOWx1.25,32686b5d474e3b42,val_perturb,0.072584,4781
2026-08-11T01:46:13+00:00,C013_p_HOLDx0.75,f2945df94106ca3f,val_perturb,-0.080219,4781
2026-08-11T01:46:15+00:00,C013_p_HOLDx1.25,cf1e55b7ef2d13db,val_perturb,0.04643,4781
2026-08-11T01:46:17+00:00,gate2_C013_C012_same_hold,391752c089a61434,val_baseline,-0.014338,4781
2026-08-11T01:46:20+00:00,C014,da6518b01931920f,train_val,-0.454865,4781
2026-08-11T01:46:21+00:00,C014,bf39aa0893403d4b,val_cost25,-1.327018,4781
2026-08-11T01:46:23+00:00,C014,0915054058294054,val_cost5,-0.164069,4781
2026-08-11T01:46:26+00:00,C014_p_SMOOTHx0.75,706fd89a040eb734,val_perturb,-0.474396,4781
2026-08-11T01:46:29+00:00,C014_p_SMOOTHx1.25,dece9611a29fd0d0,val_perturb,-0.41663,4781
2026-08-11T01:46:32+00:00,C014_p_MIN_PERIODSx0.75,006de297a4d87a0f,val_perturb,-0.454285,4781
2026-08-11T01:46:34+00:00,C014_p_MIN_PERIODSx1.25,c95274a08bea45d8,val_perturb,-0.454474,4781
2026-08-11T01:46:37+00:00,C014_p_VOL_WINDOWx0.75,de3e4ab81b64453f,val_perturb,-0.518268,4781
2026-08-11T01:46:40+00:00,C014_p_VOL_WINDOWx1.25,6c207f4f1b76d892,val_perturb,-0.332241,4781
2026-08-11T01:46:41+00:00,C014_p_HOLDx0.75,b549695e7b619e39,val_perturb,-0.62049,4781
2026-08-11T01:46:43+00:00,C014_p_HOLDx1.25,ddb48a3713989e4b,val_perturb,-0.376254,4781
2026-08-11T01:46:45+00:00,C015,56ee26bdd496414c,train_val,0.735482,4781
2026-08-11T01:46:47+00:00,C015,94fbc5148e05c622,val_cost25,0.600363,4781
2026-08-11T01:46:49+00:00,C015,6d5ff838cce86ce4,val_cost5,0.78052,4781
2026-08-11T01:46:51+00:00,C015_p_WINDOWx0.75,132f102393306c2c,val_perturb,0.621363,4781
2026-08-11T01:46:53+00:00,C015_p_WINDOWx1.25,ce25b14416948bd5,val_perturb,0.730184,4781
2026-08-11T01:46:55+00:00,C015_p_HOLDx0.75,b7b80cf165f0c41a,val_perturb,0.725143,4781
2026-08-11T01:46:57+00:00,C015_p_HOLDx1.25,fa045815d23be40e,val_perturb,0.739492,4781
2026-08-11T01:47:01+00:00,C016,4ddb432216f12491,train_val,0.443689,4781
2026-08-11T01:47:01+00:00,C016,6262921853af824b,val_cost25,-0.262367,4781
2026-08-11T01:47:01+00:00,C016,550bb3da82617c66,val_cost10,0.267153,4781
2026-08-11T01:47:02+00:00,C016_p_VOL_WINDOWx0.75,566732fb209798f7,val_perturb,0.426372,4781
2026-08-11T01:47:02+00:00,C016_p_VOL_WINDOWx1.25,ff0a76eefd3a7d13,val_perturb,0.366121,4781
2026-08-11T01:47:02+00:00,C016_p_HOLDx0.75,7bd9a5a340da6b88,val_perturb,0.427879,4781
2026-08-11T01:47:02+00:00,C016_p_HOLDx1.25,32f1a5331c646eda,val_perturb,0.45137,4781
2026-08-11T01:47:02+00:00,C016_p_QUANTILEx0.75,44cdf98604694d0a,val_perturb,0.450383,4781
2026-08-11T01:47:03+00:00,C016_p_QUANTILEx1.25,116356ab33d61fc1,val_perturb,0.33539,4781
2026-08-11T01:47:03+00:00,C016_p_MIN_NAMESx0.75,4f4d1e2266d3a40c,val_perturb,0.443689,4781
2026-08-11T01:47:03+00:00,C016_p_MIN_NAMESx0.75,3c477a98a4dc3945,val_perturb,error,0
2026-08-11T01:47:03+00:00,C016_p_MIN_NAMESx1.25,ad983f3400892585,val_perturb,0.479312,4412
2026-08-11T01:47:03+00:00,C016_p_MIN_NAMESx1.25,84bfe365e1de8d27,val_perturb,error,0
2026-08-11T01:47:03+00:00,C016_p_EXPR[2]x0.75,01eb79bbbf08a6a8,val_perturb,0.233677,4781
2026-08-11T01:47:03+00:00,C016_p_EXPR[2]x1.25,1f6bc3dd8623d428,val_perturb,0.259407,4781
2026-08-11T01:48:11+00:00,diag_rangevol_etf,6dae4aad7c16f8ec,diag_val,0.210186,4781
2026-08-11T01:48:12+00:00,diag_rangevol_eq,fd773d784224174d,diag_full,0.735482,4781
2026-08-11T02:06:45+00:00,B002,0e998b671f9c7c5c,train_val,-0.762311,4781
2026-08-11T02:06:47+00:00,B002,c952ddb292cd1d36,val_cost25,-3.502906,4781
2026-08-11T02:06:49+00:00,B002,57c4493ab6beb5fc,val_cost5,0.151386,4781
2026-08-11T02:06:50+00:00,B002_p_RETURN_WINDOWx1.25,6c768ecd3bcf8858,val_perturb,-0.444405,4781
2026-08-11T02:06:52+00:00,B002_p_HOLDx0.75,a71c023520ca006e,val_perturb,-1.113718,4781
2026-08-11T02:06:53+00:00,B002_p_HOLDx1.25,205c7be09ecc40ff,val_perturb,-0.75439,4781
2026-08-11T02:06:55+00:00,B003,bb5339e4b8162821,train_val,-0.617947,4781
2026-08-11T02:06:57+00:00,B003,cb4f03f880b6ea78,val_cost25,-1.775823,4781
2026-08-11T02:06:58+00:00,B003,d58735c839b64a17,val_cost5,-0.231761,4781
2026-08-11T02:07:00+00:00,B003_p_EPISODE_Zx0.75,823944e737fa536a,val_perturb,-0.593202,4781
2026-08-11T02:07:03+00:00,B003_p_EPISODE_Zx1.25,28399e19da936a39,val_perturb,-0.650972,4781
2026-08-11T02:07:05+00:00,B003_p_RETURN_WINDOWx0.75,861eb8d9d7662d54,val_perturb,-0.656968,4781
2026-08-11T02:07:07+00:00,B003_p_RETURN_WINDOWx1.25,0568cf8098373525,val_perturb,-0.565997,4781
2026-08-11T02:07:10+00:00,B003_p_VOL_WINDOWx0.75,6f0331439dfcfa45,val_perturb,-0.49764,4781
2026-08-11T02:07:12+00:00,B003_p_VOL_WINDOWx1.25,c56f1bf09bd1ac4c,val_perturb,-0.68526,4781
2026-08-11T02:07:13+00:00,B003_p_HOLDx0.75,b454ac3fb7e443ba,val_perturb,-0.539395,4781
2026-08-11T02:07:15+00:00,B003_p_HOLDx1.25,bfc012341813fa92,val_perturb,-0.641019,4781
2026-08-11T02:07:16+00:00,B003_p_MIN_NAMESx0.75,94a89a318978dfb5,val_perturb,-0.596301,4781
2026-08-11T02:07:17+00:00,B003_p_MIN_NAMESx1.25,ff6fa864d5bba267,val_perturb,-0.553769,4781
2026-08-11T02:07:18+00:00,B003_p_QUANTILEx0.75,0542aa8686866b2b,val_perturb,-0.5443,4781
2026-08-11T02:07:22+00:00,C001,67d7ddc33fee84df,train_val,-1.695168,4781
2026-08-11T02:07:23+00:00,C001,5016d8a836abea6f,val_cost25,-5.537172,4781
2026-08-11T02:07:25+00:00,C001,cb628dfcd5ee9b2b,val_cost5,-0.411617,4781
2026-08-11T02:07:28+00:00,C001_p_SPIKE_Zx0.75,bf651e11a385d1af,val_perturb,-1.650743,4781
2026-08-11T02:07:32+00:00,C001_p_SPIKE_Zx1.25,83e2e21128af08a2,val_perturb,-1.534704,4781
2026-08-11T02:07:36+00:00,C001_p_POST_DAYSx0.75,b84c050873358ac9,val_perturb,-1.696612,4781
2026-08-11T02:07:40+00:00,C001_p_POST_DAYSx1.25,1818d0b4c08a3b56,val_perturb,-1.621903,4781
2026-08-11T02:07:43+00:00,C001_p_WINDOWx0.75,6df44319b3fea074,val_perturb,-1.645286,4781
2026-08-11T02:07:47+00:00,C001_p_WINDOWx1.25,de73f305eee129d7,val_perturb,-1.588301,4781
2026-08-11T02:07:51+00:00,C001_p_MIN_SPIKESx0.75,474876bddc2e5971,val_perturb,-1.702312,4781
2026-08-11T02:07:55+00:00,C001_p_MIN_SPIKESx1.25,6689eb742cbf9e0c,val_perturb,-1.691257,4781
2026-08-11T02:07:59+00:00,C001_p_VOL_WINDOWx0.75,2b69e146899cce5c,val_perturb,-1.665021,4781
2026-08-11T02:08:03+00:00,C001_p_VOL_WINDOWx1.25,d806547fef3ef337,val_perturb,-1.634055,4781
2026-08-11T02:08:07+00:00,C001_p_REVERSAL_WINDOWx0.75,e485303758d2c0b3,val_perturb,-2.070476,4781
2026-08-11T02:37:31+00:00,B002,478c739a57305328,train_val,-0.761727,4781
2026-08-11T02:37:33+00:00,B002,247484d6f71356b0,val_cost25,-3.502347,4781
2026-08-11T02:37:35+00:00,B002,743c8615f46c0db9,val_cost5,0.151982,4781
2026-08-11T02:37:37+00:00,B002_p_RETURN_WINDOWx1.25,72298d64f18849a1,val_perturb,-0.444465,4781
2026-08-11T02:37:39+00:00,B002_p_HOLDx0.75,cc7c9b9c57d030f4,val_perturb,-1.112829,4781
2026-08-11T02:37:41+00:00,B002_p_HOLDx1.25,85907be1a8b76aba,val_perturb,-0.753569,4781
2026-08-11T02:37:44+00:00,B003,8ddfd8ae96232997,train_val,-0.617947,4781
2026-08-11T02:37:46+00:00,B003,030c253b26c09973,val_cost25,-1.775823,4781
2026-08-11T02:37:47+00:00,B003,d48f2bd805d1005a,val_cost5,-0.231762,4781
2026-08-11T02:37:50+00:00,B003_p_EPISODE_Zx0.75,a38b9f9d9edaff6d,val_perturb,-0.593241,4781
2026-08-11T02:37:53+00:00,B003_p_EPISODE_Zx1.25,29b713f0de3849ec,val_perturb,-0.650971,4781
2026-08-11T02:37:55+00:00,B003_p_RETURN_WINDOWx0.75,0870a684d1740f2d,val_perturb,-0.656969,4781
2026-08-11T02:37:58+00:00,B003_p_RETURN_WINDOWx1.25,84659d064400c041,val_perturb,-0.565997,4781
2026-08-11T02:38:01+00:00,B003_p_VOL_WINDOWx0.75,724965744c2acf85,val_perturb,-0.49764,4781
2026-08-11T02:38:04+00:00,B003_p_VOL_WINDOWx1.25,9dc6eb39aaaaee72,val_perturb,-0.68526,4781
2026-08-11T02:38:06+00:00,B003_p_HOLDx0.75,2d580a4de7106882,val_perturb,-0.539395,4781
2026-08-11T02:38:07+00:00,B003_p_HOLDx1.25,ab18b8032696a0ef,val_perturb,-0.64102,4781
2026-08-11T02:38:09+00:00,B003_p_MIN_NAMESx0.75,ee909ed18e2a3543,val_perturb,-0.5963,4781
2026-08-11T02:38:11+00:00,B003_p_MIN_NAMESx1.25,55c24b4375ef72b1,val_perturb,-0.553769,4781
2026-08-11T02:38:12+00:00,B003_p_QUANTILEx0.75,a2c917bd4f5c0c90,val_perturb,-0.544301,4781
2026-08-11T02:38:16+00:00,C001,337046adb633fc9d,train_val,-1.695332,4781
2026-08-11T02:38:18+00:00,C001,cde65295f2925f66,val_cost25,-5.537352,4781
2026-08-11T02:38:20+00:00,C001,b3dd773d502605a5,val_cost5,-0.411776,4781
2026-08-11T02:38:24+00:00,C001_p_SPIKE_Zx0.75,551fa7a392278b2a,val_perturb,-1.650415,4781
2026-08-11T02:38:28+00:00,C001_p_SPIKE_Zx1.25,49d8cf7cfba9356f,val_perturb,-1.534825,4781
2026-08-11T02:38:32+00:00,C001_p_POST_DAYSx0.75,62245b8a1229eae4,val_perturb,-1.697739,4781
2026-08-11T02:38:36+00:00,C001_p_POST_DAYSx1.25,2ba0ddff7cf34758,val_perturb,-1.622173,4781
2026-08-11T02:38:40+00:00,C001_p_WINDOWx0.75,c97335a54b8e541b,val_perturb,-1.645175,4781
2026-08-11T02:38:45+00:00,C001_p_WINDOWx1.25,1eff3dc6096168c7,val_perturb,-1.588621,4781
2026-08-11T02:38:49+00:00,C001_p_MIN_SPIKESx0.75,9f06a284ac11ecd5,val_perturb,-1.7019,4781
2026-08-11T02:38:53+00:00,C001_p_MIN_SPIKESx1.25,40bdba6e3e404f15,val_perturb,-1.691422,4781
2026-08-11T02:38:57+00:00,C001_p_VOL_WINDOWx0.75,44bf689b9cd4c89b,val_perturb,-1.664933,4781
2026-08-11T02:39:01+00:00,C001_p_VOL_WINDOWx1.25,ba17cdae08f6e21e,val_perturb,-1.634138,4781
2026-08-11T02:39:05+00:00,C001_p_REVERSAL_WINDOWx0.75,fe56e51f8efb26d9,val_perturb,-2.070683,4781
2026-08-11T02:39:09+00:00,C001_p_REVERSAL_WINDOWx1.25,0f1bdca339797665,val_perturb,-1.559212,4781
2026-08-11T02:39:11+00:00,gate2_C001_C004,a892d8c7d2b34b2a,val_baseline,-1.005343,4781
2026-08-11T02:39:23+00:00,C002,2b9d3b735eddec81,train_val,-0.87518,4781
2026-08-11T02:39:25+00:00,C002,f1db0c494c5ef5e3,val_cost25,-2.473222,4781
2026-08-11T02:39:26+00:00,C002,94f6fd2439be1641,val_cost5,-0.333168,4781
2026-08-11T02:39:38+00:00,C002_p_FIRST_DAYSx0.75,771ea960c706c94a,val_perturb,-0.724285,4781
2026-08-11T02:39:50+00:00,C002_p_FIRST_DAYSx1.25,21ed806770448440,val_perturb,-0.94198,4781
2026-08-11T02:40:03+00:00,C002_p_LAST_DAYSx0.75,eef1363c6d654646,val_perturb,-0.784358,4781
2026-08-11T02:40:16+00:00,C002_p_LAST_DAYSx1.25,894aea2fc54dd417,val_perturb,-0.934901,4781
2026-08-11T02:40:29+00:00,C002_p_RETURN_WINDOWx1.25,2298cb251444d4e5,val_perturb,-0.658007,4781
2026-08-11T02:40:30+00:00,C002_p_HOLDx0.75,4effc9536e3b023a,val_perturb,-1.079381,4781
2026-08-11T02:40:32+00:00,C002_p_HOLDx1.25,63291c56c9427749,val_perturb,-0.828395,4781
2026-08-11T02:40:34+00:00,gate2_C002_ungated_ret1,2cf75c2be3214f85,val_baseline,-0.761727,4781
2026-08-11T02:40:40+00:00,C003,f73e9236e7ed3818,train_val,-1.204455,4781
2026-08-11T02:40:41+00:00,C003,13f0aa45c53b4f7e,val_cost25,-2.5124,4781
2026-08-11T02:40:43+00:00,C003,a8002e36a85952d1,val_cost5,-0.76756,4781
2026-08-11T02:40:50+00:00,C003_p_EPISODE_Zx0.75,e3036e03ea48d89f,val_perturb,-0.877225,4781
2026-08-11T02:40:56+00:00,C003_p_EPISODE_Zx1.25,35c77db5dcc11324,val_perturb,-1.25569,4781
2026-08-11T02:41:03+00:00,C003_p_LOOKBACKx0.75,b6e547d4b7d855ce,val_perturb,-1.296983,4781
2026-08-11T02:41:11+00:00,C003_p_LOOKBACKx1.25,adc48baec391367f,val_perturb,-1.176054,4781
2026-08-11T02:41:17+00:00,C003_p_VOL_WINDOWx0.75,26dcff08c3cdf83b,val_perturb,-1.015952,4781
2026-08-11T02:41:24+00:00,C003_p_VOL_WINDOWx1.25,7a753a5a2198cfcb,val_perturb,-0.994484,4781
2026-08-11T02:41:31+00:00,C003_p_RETURN_WINDOWx1.25,f2ed035e1fbab25d,val_perturb,-1.147117,4781
2026-08-11T02:41:38+00:00,C003_p_BREADTH_THRESHOLDx0.75,cdb454b57edb6afd,val_perturb,-1.145496,4781
2026-08-11T02:41:46+00:00,C003_p_BREADTH_THRESHOLDx1.25,2cc596434d4dfccd,val_perturb,-1.251278,4781
2026-08-11T02:41:53+00:00,C003_p_BROAD_TAILx0.75,4cc0f73246e99caa,val_perturb,-1.095225,4781
2026-08-11T02:42:00+00:00,C003_p_BROAD_TAILx1.25,4fa618c4f3f5d7af,val_perturb,-1.303792,4781
2026-08-11T02:42:07+00:00,C003_p_THIN_TAILx0.75,6a15b23b47ee0b85,val_perturb,-1.20572,4781
2026-08-11T02:42:14+00:00,C003_p_THIN_TAILx1.25,5056034b4fc4baae,val_perturb,-1.23581,4781
2026-08-11T02:42:16+00:00,C003_p_HOLDx0.75,35a036ba3a84ed54,val_perturb,-1.37035,4781
2026-08-11T02:42:18+00:00,C003_p_HOLDx1.25,7d396781411d755e,val_perturb,-1.15629,4781
2026-08-11T02:42:19+00:00,C003_p_QUANTILEx0.75,62986e75ddeccf6d,val_perturb,-1.177286,4781
2026-08-11T02:42:21+00:00,C003_p_MIN_NAMESx0.75,4e120021ab621da0,val_perturb,-1.052486,4781
2026-08-11T02:42:23+00:00,C003_p_MIN_NAMESx1.25,c53d38647474ec81,val_perturb,-1.256303,4781
2026-08-11T02:42:25+00:00,gate2_C003_spike_entry,0a75ac3d5a7fbd53,val_baseline,-0.617947,4781
2026-08-11T02:42:27+00:00,gate2_C003_plain_ret5,2e2aff886ea6389d,val_baseline,-0.143141,4781
2026-08-11T02:42:29+00:00,C004,4193d257f1a56eb7,train_val,-1.005343,4781
2026-08-11T02:42:31+00:00,C004,ad942d9361c125be,val_cost25,-3.882513,4781
2026-08-11T02:42:32+00:00,C004,13f0d3620b5bd074,val_cost5,-0.043981,4781
2026-08-11T02:42:34+00:00,C004_p_RETURN_WINDOWx0.75,0a124fde84cb72a1,val_perturb,-1.404634,4781
2026-08-11T02:42:36+00:00,C004_p_RETURN_WINDOWx1.25,03b8acfb53e0c735,val_perturb,-0.928635,4781
2026-08-11T02:42:40+00:00,C005,5cf43a0d2af1b8c2,train_val,-2.55727,4781
2026-08-11T02:42:42+00:00,C005,54fd0babb45fec1b,val_cost25,-7.80314,4781
2026-08-11T02:42:43+00:00,C005,c31852cf274b8ffa,val_cost5,-0.804809,4781
2026-08-11T02:42:47+00:00,C005_p_RETURN_WINDOWx0.75,b0176aeebd54b138,val_perturb,-2.914315,4781
2026-08-11T02:42:51+00:00,C005_p_RETURN_WINDOWx1.25,0a3e855a8171c888,val_perturb,-2.409901,4781
2026-08-11T02:42:54+00:00,C005_p_VOL_WINDOWx0.75,cd5fe004a1107925,val_perturb,-2.461856,4781
2026-08-11T02:42:58+00:00,C005_p_VOL_WINDOWx1.25,e5e8d2c989945b5c,val_perturb,-2.616577,4781
2026-08-11T02:43:01+00:00,C006,2f08530adcde9644,train_val,-1.349531,4781
2026-08-11T02:43:03+00:00,C006,21c49b5f4d5cb9eb,val_cost25,-4.460241,4781
2026-08-11T02:43:05+00:00,C006,a21a6787393c0997,val_cost5,-0.308901,4781
2026-08-11T02:43:07+00:00,C006_p_REVERSAL_WINDOWx0.75,ee11854bdf2c5b84,val_perturb,-1.692863,4781
2026-08-11T02:43:09+00:00,C006_p_REVERSAL_WINDOWx1.25,9876accc7a811f60,val_perturb,-1.129114,4781
2026-08-11T02:43:11+00:00,C006_p_MIN_PERIODSx0.75,6529229217c03417,val_perturb,-1.346655,4781
2026-08-11T02:43:13+00:00,C006_p_MIN_PERIODSx1.25,8db04bcdd0876351,val_perturb,-1.352949,4781
2026-08-11T02:43:15+00:00,C007,259e6cec25eb3180,train_val,-3.122652,4781
2026-08-11T02:43:17+00:00,C007,d1ff2c593411d056,val_cost25,-8.143787,4781
2026-08-11T02:43:18+00:00,C007,d4c9e350a724f769,val_cost5,-1.444381,4781
2026-08-11T02:43:20+00:00,C007_p_BAND_LAGx0.75,8c7203362cdc3010,val_perturb,-2.997877,4781
2026-08-11T02:43:22+00:00,C007_p_BAND_LAGx1.25,6de40861f146bc41,val_perturb,-3.736102,4781
2026-08-11T02:43:24+00:00,C007_p_BAND_LENx0.75,1f3313950f504fa4,val_perturb,-4.626915,4781
2026-08-11T02:43:26+00:00,C007_p_BAND_LENx1.25,ead45e31b69e263c,val_perturb,-2.728009,4781
2026-08-11T02:43:27+00:00,gate2_C007_C004_correlation,3a58926f4a857724,val_baseline,-1.005343,4781
2026-08-11T02:43:31+00:00,C008,f6e4799eb927392b,train_val,-3.69776,4781
2026-08-11T02:43:32+00:00,C008,2a30a1f478c8f472,val_cost25,-8.416505,4781
2026-08-11T02:43:34+00:00,C008,9512728ff626c733,val_cost5,-2.101749,4781
2026-08-11T02:43:37+00:00,C008_p_SMOOTHx0.75,5014e9d0652ebe21,val_perturb,-4.784278,4781
2026-08-11T02:43:41+00:00,C008_p_SMOOTHx1.25,22ba18daf52ee02e,val_perturb,-3.23911,4781
2026-08-11T02:43:44+00:00,C008_p_MIN_PERIODSx0.75,fea7a859fbc81932,val_perturb,-3.691709,4781
2026-08-11T02:43:47+00:00,C008_p_MIN_PERIODSx1.25,695a1b09c63049e7,val_perturb,-3.704156,4781
2026-08-11T02:43:49+00:00,gate2_C008_C004_correlation,ddd732676ed23573,val_baseline,-1.005343,4781
2026-08-11T02:43:51+00:00,gate2_C008_C006_correlation,578f54dc0b9b45dc,val_baseline,-1.349531,4781
2026-08-11T02:43:52+00:00,C009,5db28974e56e9b04,train_val,-4.366761,4781
2026-08-11T02:43:54+00:00,C009,d6270563f2539e51,val_cost25,-10.522987,4781
2026-08-11T02:43:55+00:00,C009,d13b825dce2d8f9b,val_cost5,-2.272584,4781
2026-08-11T02:43:58+00:00,C009_p_RETURN_WINDOWx1.25,a38433b309b713ef,val_perturb,-2.907447,4781
2026-08-11T02:43:59+00:00,gate2_C009_C004_correlation,3ef250d0543a95f0,val_baseline,-1.005343,4781
2026-08-11T02:44:02+00:00,C010,5b3b07e7581c00d3,train_val,0.655477,4781
2026-08-11T02:44:04+00:00,C010,583529ead2ced3b2,val_cost25,0.428736,4781
2026-08-11T02:44:06+00:00,C010,867a2d0f72e43ee7,val_cost5,0.731052,4781
2026-08-11T02:44:08+00:00,C010_p_EXPR[2]x0.75,e2f8665c54079b15,val_perturb,0.519577,4781
2026-08-11T02:44:11+00:00,C010_p_EXPR[2]x1.25,57ac427f4bb93c27,val_perturb,0.68028,4781
2026-08-11T02:44:14+00:00,C011,9706fe12537ca251,train_val,-0.422717,4781
2026-08-11T02:44:16+00:00,C011,c8a99070a92473a7,val_cost25,-1.803713,4781
2026-08-11T02:44:17+00:00,C011,1ef7b8fa087fbb0f,val_cost5,0.037703,4781
2026-08-11T02:44:20+00:00,C011_p_RETURN_WINDOWx0.75,1be18d98ea612ddc,val_perturb,-0.536375,4781
2026-08-11T02:44:24+00:00,C011_p_RETURN_WINDOWx1.25,f56303608d3991bf,val_perturb,-0.327,4781
2026-08-11T02:44:27+00:00,C011_p_EXPR[2]x0.75,67d5836d01525580,val_perturb,-0.45246,4781
2026-08-11T02:44:31+00:00,C011_p_EXPR[2]x1.25,28f0da1c0daa3b08,val_perturb,-0.413604,4781
2026-08-11T02:44:32+00:00,C012,4f5c567e4a65881b,train_val,-0.468607,4781
2026-08-11T02:44:34+00:00,C012,141b3d1481799e2c,val_cost25,-1.866627,4781
2026-08-11T02:44:36+00:00,C012,ecaecc6691183205,val_cost5,-0.002554,4781
2026-08-11T02:44:37+00:00,C012_p_RETURN_WINDOWx0.75,e48fcce76edc451b,val_perturb,-0.598901,4781
2026-08-11T02:44:39+00:00,C012_p_RETURN_WINDOWx1.25,051b4564b61ecbfb,val_perturb,-0.385199,4781
2026-08-11T02:44:43+00:00,C013,c27190818acd4ede,train_val,-0.023316,4781
2026-08-11T02:44:45+00:00,C013,16d91eb49593041e,val_cost25,-0.54122,4781
2026-08-11T02:44:47+00:00,C013,68eb91207b3fbc00,val_cost5,0.149323,4781
2026-08-11T02:44:51+00:00,C013_p_SPIKE_Zx0.75,e1544f8516b6f2cb,val_perturb,-0.050793,4781
2026-08-11T02:44:55+00:00,C013_p_SPIKE_Zx1.25,f42de9018680fd45,val_perturb,-0.020496,4781
2026-08-11T02:44:59+00:00,C013_p_POST_DAYSx0.75,28359fdf291fbdb8,val_perturb,-0.013236,4781
2026-08-11T02:45:04+00:00,C013_p_POST_DAYSx1.25,5e4bd4d5af53f159,val_perturb,-0.012699,4781
2026-08-11T02:45:08+00:00,C013_p_WINDOWx0.75,682b8deea33263e2,val_perturb,-0.00298,4781
2026-08-11T02:45:11+00:00,C013_p_WINDOWx1.25,7d11cb5e9acfb792,val_perturb,0.014565,4781
2026-08-11T02:45:16+00:00,C013_p_MIN_SPIKESx0.75,ed6d9e30b0b96202,val_perturb,-0.015684,4781
2026-08-11T02:45:20+00:00,C013_p_MIN_SPIKESx1.25,00d85255d4e32b41,val_perturb,-0.017451,4781
2026-08-11T02:45:24+00:00,C013_p_VOL_WINDOWx0.75,62c0bee2bab52d8d,val_perturb,-0.005547,4781
2026-08-11T02:45:28+00:00,C013_p_VOL_WINDOWx1.25,3f7694fe95c754d1,val_perturb,-0.014183,4781
2026-08-11T02:45:32+00:00,C013_p_RETURN_WINDOWx0.75,8114aedfbda724b0,val_perturb,-0.025141,4781
2026-08-11T02:45:36+00:00,C013_p_RETURN_WINDOWx1.25,91ddc5e24f01b594,val_perturb,0.072584,4781
2026-08-11T02:45:38+00:00,C013_p_HOLDx0.75,4dd6dcb0db5baae0,val_perturb,-0.080219,4781
2026-08-11T02:45:40+00:00,C013_p_HOLDx1.25,6130f9d7e3c8ab59,val_perturb,0.04643,4781
2026-08-11T02:45:42+00:00,gate2_C013_C012_same_hold,8d64224e3a7cbf96,val_baseline,-0.014292,4781
2026-08-11T02:45:45+00:00,C014,15b756a3f0fd41a3,train_val,-0.454865,4781
2026-08-11T02:45:47+00:00,C014,cab881ebd985eda6,val_cost25,-1.327018,4781
2026-08-11T02:45:49+00:00,C014,7e99dbd2e40c23a5,val_cost5,-0.164069,4781
2026-08-11T02:45:52+00:00,C014_p_SMOOTHx0.75,4c9f10cc0c236176,val_perturb,-0.474396,4781
2026-08-11T02:45:54+00:00,C014_p_SMOOTHx1.25,91f2fcd924968665,val_perturb,-0.41663,4781
2026-08-11T02:45:57+00:00,C014_p_MIN_PERIODSx0.75,ab589966ea843801,val_perturb,-0.454285,4781
2026-08-11T02:46:00+00:00,C014_p_MIN_PERIODSx1.25,5d0942e01623aa73,val_perturb,-0.454474,4781
2026-08-11T02:46:03+00:00,C014_p_VOL_WINDOWx0.75,e24bd1b3491d1722,val_perturb,-0.518268,4781
2026-08-11T02:46:06+00:00,C014_p_VOL_WINDOWx1.25,5538d62134e06ce3,val_perturb,-0.332241,4781
2026-08-11T02:46:08+00:00,C014_p_HOLDx0.75,e592c36366ed8da0,val_perturb,-0.620489,4781
2026-08-11T02:46:09+00:00,C014_p_HOLDx1.25,c587876cad93daf6,val_perturb,-0.376254,4781
2026-08-11T02:46:11+00:00,C015,8b9c908e8e407637,train_val,0.735482,4781
2026-08-11T02:46:13+00:00,C015,dc937037734894fc,val_cost25,0.600363,4781
2026-08-11T02:46:15+00:00,C015,015fdb705298f793,val_cost5,0.78052,4781
2026-08-11T02:46:17+00:00,C015_p_WINDOWx0.75,4ab92fa4fe32648f,val_perturb,0.621363,4781
2026-08-11T02:46:19+00:00,C015_p_WINDOWx1.25,bc0ca3768edffe8c,val_perturb,0.730184,4781
2026-08-11T02:46:21+00:00,C015_p_HOLDx0.75,f3afcdc246a1473d,val_perturb,0.725143,4781
2026-08-11T02:46:22+00:00,C015_p_HOLDx1.25,bc05d1cc36c20292,val_perturb,0.739492,4781
2026-08-11T02:46:26+00:00,C016,4ddb432216f12491,train_val,0.44369,4781
2026-08-11T02:46:27+00:00,C016,6262921853af824b,val_cost25,-0.262367,4781
2026-08-11T02:46:27+00:00,C016,550bb3da82617c66,val_cost10,0.267154,4781
2026-08-11T02:46:27+00:00,C016_p_VOL_WINDOWx0.75,566732fb209798f7,val_perturb,0.426372,4781
2026-08-11T02:46:27+00:00,C016_p_VOL_WINDOWx1.25,ff0a76eefd3a7d13,val_perturb,0.366121,4781
2026-08-11T02:46:27+00:00,C016_p_HOLDx0.75,7bd9a5a340da6b88,val_perturb,0.427879,4781
2026-08-11T02:46:28+00:00,C016_p_HOLDx1.25,32f1a5331c646eda,val_perturb,0.45137,4781
2026-08-11T02:46:28+00:00,C016_p_QUANTILEx0.75,44cdf98604694d0a,val_perturb,0.450383,4781
2026-08-11T02:46:28+00:00,C016_p_QUANTILEx1.25,116356ab33d61fc1,val_perturb,0.335391,4781
2026-08-11T02:46:28+00:00,C016_p_MIN_NAMESx0.75,4f4d1e2266d3a40c,val_perturb,0.44369,4781
2026-08-11T02:46:28+00:00,C016_p_MIN_NAMESx0.75,3c477a98a4dc3945,val_perturb,error,0
2026-08-11T02:46:28+00:00,C016_p_MIN_NAMESx1.25,97dec8f34c5c8bca,val_perturb,0.460432,4781
2026-08-11T02:46:28+00:00,C016_p_MIN_NAMESx1.25,84bfe365e1de8d27,val_perturb,error,0
2026-08-11T02:46:28+00:00,C016_p_EXPR[2]x0.75,01eb79bbbf08a6a8,val_perturb,0.233676,4781
2026-08-11T02:46:29+00:00,C016_p_EXPR[2]x1.25,1f6bc3dd8623d428,val_perturb,0.259407,4781
2026-08-11T02:57:17+00:00,B002,56540000fb2ab982,train_val,-0.761727,4781
2026-08-11T02:57:19+00:00,B002,491772411017e5a2,val_cost25,-2.678264,1258
2026-08-11T02:57:21+00:00,B002,07528605285d6392,val_cost5,0.145131,1258
2026-08-11T02:57:23+00:00,B002_p_RETURN_WINDOWx1.25,9dd6927460202113,val_perturb,-0.331878,1258
2026-08-11T02:57:24+00:00,B002_p_HOLDx0.75,ab0f7d7723210cd9,val_perturb,-0.868144,1258
2026-08-11T02:57:26+00:00,B002_p_HOLDx1.25,06bc9352cc24f541,val_perturb,-0.606165,1258
2026-08-11T02:57:29+00:00,B003,3d5d51731e006e4d,train_val,-0.617947,4781
2026-08-11T02:57:30+00:00,B003,e392d6844f3423f9,val_cost25,-1.634408,1258
2026-08-11T02:57:32+00:00,B003,cb207966c658abf3,val_cost5,-0.352416,1258
2026-08-11T02:57:34+00:00,B003_p_EPISODE_Zx0.75,b75420566e5b9f27,val_perturb,-0.670712,1258
2026-08-11T02:57:37+00:00,B003_p_EPISODE_Zx1.25,7bf25278e222c91d,val_perturb,-0.66808,1258
2026-08-11T02:57:39+00:00,B003_p_RETURN_WINDOWx0.75,231a6512c149fc7b,val_perturb,-0.682028,1258
2026-08-11T02:57:41+00:00,B003_p_RETURN_WINDOWx1.25,40390b048c295f01,val_perturb,-0.70335,1258
2026-08-11T02:57:44+00:00,B003_p_VOL_WINDOWx0.75,18f5767e21c5f299,val_perturb,-0.826499,1258
2026-08-11T02:57:46+00:00,B003_p_VOL_WINDOWx1.25,ebe5589d923dda84,val_perturb,-0.912061,1258
2026-08-11T02:57:48+00:00,B003_p_HOLDx0.75,0a523087cca568ef,val_perturb,-0.507025,1258
2026-08-11T03:04:14+00:00,B002,56540000fb2ab982,train_val,-0.761727,4781
2026-08-11T03:04:15+00:00,B002,491772411017e5a2,val_cost25,-2.678264,1258
2026-08-11T03:04:17+00:00,B002,07528605285d6392,val_cost5,0.145131,1258
2026-08-11T03:04:19+00:00,B002_p_RETURN_WINDOWx1.25,9dd6927460202113,val_perturb,-0.331878,1258
2026-08-11T03:04:20+00:00,B002_p_HOLDx0.75,ab0f7d7723210cd9,val_perturb,-0.868144,1258
2026-08-11T03:04:22+00:00,B002_p_HOLDx1.25,06bc9352cc24f541,val_perturb,-0.606165,1258
2026-08-11T03:04:24+00:00,B003,3d5d51731e006e4d,train_val,-0.617947,4781
2026-08-11T03:04:26+00:00,B003,e392d6844f3423f9,val_cost25,-1.634408,1258
2026-08-11T03:04:27+00:00,B003,cb207966c658abf3,val_cost5,-0.352416,1258
2026-08-11T03:04:29+00:00,B003_p_EPISODE_Zx0.75,b75420566e5b9f27,val_perturb,-0.670712,1258
2026-08-11T03:04:32+00:00,B003_p_EPISODE_Zx1.25,7bf25278e222c91d,val_perturb,-0.66808,1258
2026-08-11T03:04:34+00:00,B003_p_RETURN_WINDOWx0.75,231a6512c149fc7b,val_perturb,-0.682028,1258
2026-08-11T03:04:36+00:00,B003_p_RETURN_WINDOWx1.25,40390b048c295f01,val_perturb,-0.70335,1258
2026-08-11T03:04:39+00:00,B003_p_VOL_WINDOWx0.75,18f5767e21c5f299,val_perturb,-0.826499,1258
2026-08-11T03:04:41+00:00,B003_p_VOL_WINDOWx1.25,ebe5589d923dda84,val_perturb,-0.912061,1258
2026-08-11T03:04:43+00:00,B003_p_HOLDx0.75,0a523087cca568ef,val_perturb,-0.507025,1258
2026-08-11T03:04:44+00:00,B003_p_HOLDx1.25,a775cbbbcb8ab07a,val_perturb,-0.573892,1258
2026-08-11T03:04:45+00:00,B003_p_MIN_NAMESx0.75,498c92145e2dfb37,val_perturb,-0.707359,1258
2026-08-11T03:04:47+00:00,B003_p_MIN_NAMESx1.25,fdddfb4baf204775,val_perturb,-0.579338,1258
2026-08-11T03:04:48+00:00,B003_p_QUANTILEx0.75,a60b0a2a163005f2,val_perturb,-0.676055,1258
2026-08-11T03:04:52+00:00,C001,ec10d7ff02cf6392,train_val,-1.695332,4781
2026-08-11T03:04:54+00:00,C001,c2bdf75599be6938,val_cost25,-4.125462,1258
2026-08-11T03:04:55+00:00,C001,0b961c7cc85d30ad,val_cost5,-0.200609,1258
2026-08-11T03:04:59+00:00,C001_p_SPIKE_Zx0.75,73e31fab3aeb892b,val_perturb,-1.132884,1258
2026-08-11T03:05:04+00:00,C001_p_SPIKE_Zx1.25,f42104abe4a30952,val_perturb,-1.149905,1258
2026-08-11T03:05:08+00:00,C001_p_POST_DAYSx0.75,0477d5fc3b75206f,val_perturb,-1.16266,1258
2026-08-11T03:05:13+00:00,C001_p_POST_DAYSx1.25,fabc8217e29c7316,val_perturb,-1.184048,1258
2026-08-11T03:05:17+00:00,C001_p_WINDOWx0.75,94de4bf34d398220,val_perturb,-1.236761,1258
2026-08-11T03:05:21+00:00,C001_p_WINDOWx1.25,533f97a12f477715,val_perturb,-1.088905,1258
2026-08-11T03:05:26+00:00,C001_p_MIN_SPIKESx0.75,9b2e903515f9f980,val_perturb,-1.192588,1258
2026-08-11T03:05:30+00:00,C001_p_MIN_SPIKESx1.25,753763a4ebcf810f,val_perturb,-1.181795,1258
2026-08-11T03:05:34+00:00,C001_p_VOL_WINDOWx0.75,eca745eaa21e03c9,val_perturb,-1.166438,1258
2026-08-11T03:05:38+00:00,C001_p_VOL_WINDOWx1.25,07d0153f34e89be1,val_perturb,-1.227188,1258
2026-08-11T03:05:42+00:00,C001_p_REVERSAL_WINDOWx0.75,c469ea25db984e6f,val_perturb,-1.373745,1258
2026-08-11T03:05:46+00:00,C001_p_REVERSAL_WINDOWx1.25,787a0550adc235b7,val_perturb,-1.087112,1258
2026-08-11T03:05:48+00:00,gate2_C001_C004,618fb14e8a051ab9,val_baseline,-0.800269,1258
2026-08-11T03:06:00+00:00,C002,9ddb8a89b1acbf32,train_val,-0.87518,4781
2026-08-11T03:06:02+00:00,C002,59e7ad7cb647227c,val_cost25,-2.097039,1258
2026-08-11T03:06:04+00:00,C002,2d04cb7a5c99799c,val_cost5,-0.350353,1258
2026-08-11T03:06:17+00:00,C002_p_FIRST_DAYSx0.75,56a0e684f3ab7112,val_perturb,-0.706689,1258
2026-08-11T03:06:29+00:00,C002_p_FIRST_DAYSx1.25,1eb5568a28b8de9a,val_perturb,-0.890012,1258
2026-08-11T03:08:17+00:00,B002,56540000fb2ab982,train_val,-0.761727,4781
2026-08-11T03:08:20+00:00,B002,491772411017e5a2,val_cost25,-2.678264,1258
2026-08-11T03:08:21+00:00,B002,07528605285d6392,val_cost5,0.145131,1258
2026-08-11T03:08:24+00:00,B002_p_RETURN_WINDOWx1.25,9dd6927460202113,val_perturb,-0.331878,1258
2026-08-11T03:08:26+00:00,B002_p_HOLDx0.75,ab0f7d7723210cd9,val_perturb,-0.868144,1258
2026-08-11T03:08:28+00:00,B002_p_HOLDx1.25,06bc9352cc24f541,val_perturb,-0.606165,1258
2026-08-11T03:08:31+00:00,B003,3d5d51731e006e4d,train_val,-0.617947,4781
2026-08-11T03:08:32+00:00,B003,e392d6844f3423f9,val_cost25,-1.634408,1258
2026-08-11T03:08:34+00:00,B003,cb207966c658abf3,val_cost5,-0.352416,1258
2026-08-11T03:08:36+00:00,B003_p_EPISODE_Zx0.75,b75420566e5b9f27,val_perturb,-0.670712,1258
2026-08-11T03:08:39+00:00,B003_p_EPISODE_Zx1.25,7bf25278e222c91d,val_perturb,-0.66808,1258
2026-08-11T03:08:42+00:00,B003_p_RETURN_WINDOWx0.75,231a6512c149fc7b,val_perturb,-0.682028,1258
2026-08-11T03:08:45+00:00,B003_p_RETURN_WINDOWx1.25,40390b048c295f01,val_perturb,-0.70335,1258
2026-08-11T03:08:47+00:00,B003_p_VOL_WINDOWx0.75,18f5767e21c5f299,val_perturb,-0.826499,1258
2026-08-11T03:08:50+00:00,B003_p_VOL_WINDOWx1.25,ebe5589d923dda84,val_perturb,-0.912061,1258
2026-08-11T03:08:51+00:00,B003_p_HOLDx0.75,0a523087cca568ef,val_perturb,-0.507025,1258
2026-08-11T03:08:52+00:00,B003_p_HOLDx1.25,a775cbbbcb8ab07a,val_perturb,-0.573892,1258
2026-08-11T03:08:54+00:00,B003_p_MIN_NAMESx0.75,498c92145e2dfb37,val_perturb,-0.707359,1258
2026-08-11T03:08:55+00:00,B003_p_MIN_NAMESx1.25,fdddfb4baf204775,val_perturb,-0.579338,1258
2026-08-11T03:08:57+00:00,B003_p_QUANTILEx0.75,a60b0a2a163005f2,val_perturb,-0.676055,1258
2026-08-11T03:09:01+00:00,C001,ec10d7ff02cf6392,train_val,-1.695332,4781
2026-08-11T03:09:03+00:00,C001,c2bdf75599be6938,val_cost25,-4.125462,1258
2026-08-11T03:09:04+00:00,C001,0b961c7cc85d30ad,val_cost5,-0.200609,1258
2026-08-11T03:09:09+00:00,C001_p_SPIKE_Zx0.75,73e31fab3aeb892b,val_perturb,-1.132884,1258
2026-08-11T03:09:13+00:00,C001_p_SPIKE_Zx1.25,f42104abe4a30952,val_perturb,-1.149905,1258
2026-08-11T03:09:16+00:00,C001_p_POST_DAYSx0.75,0477d5fc3b75206f,val_perturb,-1.16266,1258
2026-08-11T03:09:20+00:00,C001_p_POST_DAYSx1.25,fabc8217e29c7316,val_perturb,-1.184048,1258
2026-08-11T03:09:23+00:00,C001_p_WINDOWx0.75,94de4bf34d398220,val_perturb,-1.236761,1258
2026-08-11T03:09:27+00:00,C001_p_WINDOWx1.25,533f97a12f477715,val_perturb,-1.088905,1258
2026-08-11T03:09:30+00:00,C001_p_MIN_SPIKESx0.75,9b2e903515f9f980,val_perturb,-1.192588,1258
2026-08-11T03:09:34+00:00,C001_p_MIN_SPIKESx1.25,753763a4ebcf810f,val_perturb,-1.181795,1258
2026-08-11T03:09:37+00:00,C001_p_VOL_WINDOWx0.75,eca745eaa21e03c9,val_perturb,-1.166438,1258
2026-08-11T03:09:41+00:00,C001_p_VOL_WINDOWx1.25,07d0153f34e89be1,val_perturb,-1.227188,1258
2026-08-11T03:09:44+00:00,C001_p_REVERSAL_WINDOWx0.75,c469ea25db984e6f,val_perturb,-1.373745,1258
2026-08-11T03:09:48+00:00,C001_p_REVERSAL_WINDOWx1.25,787a0550adc235b7,val_perturb,-1.087112,1258
2026-08-11T03:09:50+00:00,gate2_C001_C004,618fb14e8a051ab9,val_baseline,-0.800269,1258
2026-08-11T03:10:02+00:00,C002,9ddb8a89b1acbf32,train_val,-0.87518,4781
2026-08-11T03:10:04+00:00,C002,59e7ad7cb647227c,val_cost25,-2.097039,1258
2026-08-11T03:10:06+00:00,C002,2d04cb7a5c99799c,val_cost5,-0.350353,1258
2026-08-11T03:10:18+00:00,C002_p_FIRST_DAYSx0.75,56a0e684f3ab7112,val_perturb,-0.706689,1258
2026-08-11T03:10:30+00:00,C002_p_FIRST_DAYSx1.25,1eb5568a28b8de9a,val_perturb,-0.890012,1258
2026-08-11T03:15:21+00:00,B002,56540000fb2ab982,train_val,-0.761727,4781
2026-08-11T03:15:23+00:00,B002,491772411017e5a2,val_cost25,-2.678264,1258
2026-08-11T03:15:25+00:00,B002,07528605285d6392,val_cost5,0.145131,1258
2026-08-11T03:15:27+00:00,B002_p_RETURN_WINDOWx1.25,9dd6927460202113,val_perturb,-0.331878,1258
2026-08-11T03:15:29+00:00,B002_p_HOLDx0.75,ab0f7d7723210cd9,val_perturb,-0.868144,1258
2026-08-11T03:15:31+00:00,B002_p_HOLDx1.25,06bc9352cc24f541,val_perturb,-0.606165,1258
2026-08-11T03:15:33+00:00,B003,3d5d51731e006e4d,train_val,-0.617947,4781
2026-08-11T03:15:35+00:00,B003,e392d6844f3423f9,val_cost25,-1.634408,1258
2026-08-11T03:15:37+00:00,B003,cb207966c658abf3,val_cost5,-0.352416,1258
2026-08-11T03:15:40+00:00,B003_p_EPISODE_Zx0.75,b75420566e5b9f27,val_perturb,-0.670712,1258
2026-08-11T03:15:42+00:00,B003_p_EPISODE_Zx1.25,7bf25278e222c91d,val_perturb,-0.66808,1258
2026-08-11T03:15:45+00:00,B003_p_RETURN_WINDOWx0.75,231a6512c149fc7b,val_perturb,-0.682028,1258
2026-08-11T03:15:47+00:00,B003_p_RETURN_WINDOWx1.25,40390b048c295f01,val_perturb,-0.70335,1258
2026-08-11T03:15:50+00:00,B003_p_VOL_WINDOWx0.75,18f5767e21c5f299,val_perturb,-0.826499,1258
2026-08-11T03:15:53+00:00,B003_p_VOL_WINDOWx1.25,ebe5589d923dda84,val_perturb,-0.912061,1258
2026-08-11T03:15:54+00:00,B003_p_HOLDx0.75,0a523087cca568ef,val_perturb,-0.507025,1258
2026-08-11T03:15:56+00:00,B003_p_HOLDx1.25,a775cbbbcb8ab07a,val_perturb,-0.573892,1258
2026-08-11T03:15:58+00:00,B003_p_MIN_NAMESx0.75,498c92145e2dfb37,val_perturb,-0.707359,1258
2026-08-11T03:15:59+00:00,B003_p_MIN_NAMESx1.25,fdddfb4baf204775,val_perturb,-0.579338,1258
2026-08-11T03:16:01+00:00,B003_p_QUANTILEx0.75,a60b0a2a163005f2,val_perturb,-0.676055,1258
2026-08-11T03:16:06+00:00,C001,ec10d7ff02cf6392,train_val,-1.695332,4781
2026-08-11T03:16:07+00:00,C001,c2bdf75599be6938,val_cost25,-4.125462,1258
2026-08-11T03:16:09+00:00,C001,0b961c7cc85d30ad,val_cost5,-0.200609,1258
2026-08-11T03:16:13+00:00,C001_p_SPIKE_Zx0.75,73e31fab3aeb892b,val_perturb,-1.132884,1258
2026-08-11T03:16:17+00:00,C001_p_SPIKE_Zx1.25,f42104abe4a30952,val_perturb,-1.149905,1258
2026-08-11T03:16:21+00:00,C001_p_POST_DAYSx0.75,0477d5fc3b75206f,val_perturb,-1.16266,1258
2026-08-11T03:16:24+00:00,C001_p_POST_DAYSx1.25,fabc8217e29c7316,val_perturb,-1.184048,1258
2026-08-11T03:16:28+00:00,C001_p_WINDOWx0.75,94de4bf34d398220,val_perturb,-1.236761,1258
2026-08-11T03:16:33+00:00,C001_p_WINDOWx1.25,533f97a12f477715,val_perturb,-1.088905,1258
2026-08-11T03:16:37+00:00,C001_p_MIN_SPIKESx0.75,9b2e903515f9f980,val_perturb,-1.192588,1258
2026-08-11T03:16:41+00:00,C001_p_MIN_SPIKESx1.25,753763a4ebcf810f,val_perturb,-1.181795,1258
2026-08-11T03:16:45+00:00,C001_p_VOL_WINDOWx0.75,eca745eaa21e03c9,val_perturb,-1.166438,1258
2026-08-11T03:16:48+00:00,C001_p_VOL_WINDOWx1.25,07d0153f34e89be1,val_perturb,-1.227188,1258
2026-08-11T03:16:53+00:00,C001_p_REVERSAL_WINDOWx0.75,c469ea25db984e6f,val_perturb,-1.373745,1258
2026-08-11T03:16:57+00:00,C001_p_REVERSAL_WINDOWx1.25,787a0550adc235b7,val_perturb,-1.087112,1258
2026-08-11T03:16:58+00:00,gate2_C001_C004,618fb14e8a051ab9,val_baseline,-0.800269,1258
2026-08-11T03:17:14+00:00,C002,9ddb8a89b1acbf32,train_val,-0.87518,4781
2026-08-11T03:17:16+00:00,C002,59e7ad7cb647227c,val_cost25,-2.097039,1258
2026-08-11T03:17:18+00:00,C002,2d04cb7a5c99799c,val_cost5,-0.350353,1258
2026-08-11T03:17:30+00:00,C002_p_FIRST_DAYSx0.75,56a0e684f3ab7112,val_perturb,-0.706689,1258
2026-08-11T03:17:42+00:00,C002_p_FIRST_DAYSx1.25,1eb5568a28b8de9a,val_perturb,-0.890012,1258
2026-08-11T03:17:53+00:00,C002_p_LAST_DAYSx0.75,0324e7786faff810,val_perturb,-0.705907,1258
2026-08-11T03:18:05+00:00,C002_p_LAST_DAYSx1.25,1f942d752341a593,val_perturb,-0.862753,1258
2026-08-11T03:18:18+00:00,C002_p_RETURN_WINDOWx1.25,44ee096d3cb6a075,val_perturb,-0.61754,1258
2026-08-11T03:18:19+00:00,C002_p_HOLDx0.75,695d1dae5069432d,val_perturb,-0.927064,1258
2026-08-11T03:18:21+00:00,C002_p_HOLDx1.25,b55b0c5038dd9227,val_perturb,-0.748322,1258
2026-08-11T03:18:23+00:00,gate2_C002_ungated_ret1,adaa6d88992e61b1,val_baseline,-0.560771,1258
2026-08-11T03:18:30+00:00,C003,38b0f848888e24a3,train_val,-1.204455,4781
2026-08-11T03:18:31+00:00,C003,bfe31c1557b27f7d,val_cost25,-1.957425,1258
2026-08-11T03:18:33+00:00,C003,406f518bb4cdfd81,val_cost5,-0.437696,1258
2026-08-11T03:18:39+00:00,C003_p_EPISODE_Zx0.75,f7633016dacb970b,val_perturb,-0.458555,1258
2026-08-11T03:18:45+00:00,C003_p_EPISODE_Zx1.25,5f326b5d46268d21,val_perturb,-1.047437,1258
2026-08-11T03:18:51+00:00,C003_p_LOOKBACKx0.75,826f39453535685e,val_perturb,-1.136958,1258
2026-08-11T03:18:58+00:00,C003_p_LOOKBACKx1.25,bcbd9612245e6c64,val_perturb,-0.847163,1258
2026-08-11T03:19:04+00:00,C003_p_VOL_WINDOWx0.75,7ab913996492ae54,val_perturb,-0.548758,1258
2026-08-11T03:19:10+00:00,C003_p_VOL_WINDOWx1.25,1e3fde4beb31c791,val_perturb,-0.3206,1258
2026-08-11T03:19:16+00:00,C003_p_RETURN_WINDOWx1.25,463846a19240a684,val_perturb,-0.799809,1258
2026-08-11T03:19:22+00:00,C003_p_BREADTH_THRESHOLDx0.75,a097e4d918696e6a,val_perturb,-0.729988,1258
2026-08-11T03:19:28+00:00,C003_p_BREADTH_THRESHOLDx1.25,505a1e5458438a9c,val_perturb,-0.766294,1258
2026-08-11T03:19:35+00:00,C003_p_BROAD_TAILx0.75,f38ed0551c6f5c1b,val_perturb,-0.599361,1258
2026-08-11T03:19:41+00:00,C003_p_BROAD_TAILx1.25,20bb0c3ccc999710,val_perturb,-0.927348,1258
2026-08-11T03:19:47+00:00,C003_p_THIN_TAILx0.75,461ad28a96c01697,val_perturb,-0.918393,1258
2026-08-11T03:19:53+00:00,C003_p_THIN_TAILx1.25,7b6dd539339a1294,val_perturb,-0.868167,1258
2026-08-11T03:19:55+00:00,C003_p_HOLDx0.75,70943f7d27d36303,val_perturb,-0.999243,1258
2026-08-11T03:19:56+00:00,C003_p_HOLDx1.25,bbe897a4e50d3924,val_perturb,-0.522299,1258
2026-08-11T03:19:58+00:00,C003_p_QUANTILEx0.75,6213873a4d41e8b5,val_perturb,-0.820892,1258
2026-08-11T03:19:59+00:00,C003_p_MIN_NAMESx0.75,9135807970d444bf,val_perturb,-0.724858,1258
2026-08-11T03:20:01+00:00,C003_p_MIN_NAMESx1.25,1c2bf5415fdab2c8,val_perturb,-0.971134,1258
2026-08-11T03:20:04+00:00,gate2_C003_spike_entry,0b2add37326e6820,val_baseline,-0.673137,1258
2026-08-11T03:20:06+00:00,gate2_C003_plain_ret5,48c66b62f48a2ca5,val_baseline,-0.559388,1258
2026-08-11T03:20:08+00:00,C004,43c21f69526bb741,train_val,-1.005343,4781
2026-08-11T03:20:10+00:00,C004,5681380912e3f577,val_cost25,-3.028282,1258
2026-08-11T03:20:12+00:00,C004,f138ddf9c8ebda83,val_cost5,-0.055287,1258
2026-08-11T03:20:14+00:00,C004_p_RETURN_WINDOWx0.75,bf4be72c27cd207f,val_perturb,-1.025192,1258
2026-08-11T03:20:16+00:00,C004_p_RETURN_WINDOWx1.25,cec386a1b8bbd4e4,val_perturb,-0.687384,1258
2026-08-11T03:20:20+00:00,C005,a99e80c4bb3e1ca3,train_val,-2.55727,4781
2026-08-11T03:20:21+00:00,C005,18bb5e8d65f22cb3,val_cost25,-6.235438,1258
2026-08-11T03:20:23+00:00,C005,371b36a4c839476f,val_cost5,-0.766719,1258
2026-08-11T03:20:27+00:00,C005_p_RETURN_WINDOWx0.75,4dd6cc0c690d58d3,val_perturb,-2.359004,1258
2026-08-11T03:20:30+00:00,C005_p_RETURN_WINDOWx1.25,27b04a087b1a93d2,val_perturb,-2.029964,1258
2026-08-11T03:20:34+00:00,C005_p_VOL_WINDOWx0.75,640d6b2e5aab0fe2,val_perturb,-2.006909,1258
2026-08-11T03:20:38+00:00,C005_p_VOL_WINDOWx1.25,3a0c290c1c395488,val_perturb,-2.216233,1258
2026-08-11T03:20:40+00:00,C006,574230c1aa85e160,train_val,-1.349531,4781
2026-08-11T03:20:42+00:00,C006,022e6c46bb56d634,val_cost25,-3.483936,1258
2026-08-11T03:20:43+00:00,C006,bba213f5db1f9a93,val_cost5,-0.105652,1258
2026-08-11T03:20:46+00:00,C006_p_REVERSAL_WINDOWx0.75,aea82784c55dd3c0,val_perturb,-1.154422,1258
2026-08-11T03:20:48+00:00,C006_p_REVERSAL_WINDOWx1.25,a03cefcceea93f9b,val_perturb,-0.757676,1258
2026-08-11T03:20:50+00:00,C006_p_MIN_PERIODSx0.75,11855147fc11e784,val_perturb,-0.9461,1258
2026-08-11T03:20:52+00:00,C006_p_MIN_PERIODSx1.25,69dbf4e0b3c120c5,val_perturb,-0.957848,1258
2026-08-11T03:20:53+00:00,C007,199a8c0eaf98dc59,train_val,-3.122652,4781
2026-08-11T03:20:55+00:00,C007,0eca4684d26f90bd,val_cost25,-6.860333,1258
2026-08-11T03:20:57+00:00,C007,e3cf10c71e6eed31,val_cost5,-1.603384,1258
2026-08-11T03:20:58+00:00,C007_p_BAND_LAGx0.75,54046cc206736b9a,val_perturb,-2.570829,1258
2026-08-11T03:21:00+00:00,C007_p_BAND_LAGx1.25,8cc736d169ee7efe,val_perturb,-3.050078,1258
2026-08-11T03:21:03+00:00,C007_p_BAND_LENx0.75,ce2c1cc3bbfe2bb8,val_perturb,-3.904326,1258
2026-08-11T03:21:05+00:00,C007_p_BAND_LENx1.25,667b4bdbb9cf7163,val_perturb,-2.21734,1258
2026-08-11T03:21:06+00:00,gate2_C007_C004_correlation,54ecfda65da0d2ac,val_baseline,-0.800269,1258
2026-08-11T03:21:10+00:00,C008,d6920a626d41d01b,train_val,-3.69776,4781
2026-08-11T03:21:11+00:00,C008,032aa5132395e0f9,val_cost25,-6.811874,1258
2026-08-11T03:21:13+00:00,C008,c37549cd5b38d1fd,val_cost5,-1.469424,1258
2026-08-11T03:21:16+00:00,C008_p_SMOOTHx0.75,b5b84f2429f7b977,val_perturb,-3.673656,1258
2026-08-11T03:21:20+00:00,C008_p_SMOOTHx1.25,08075443c15a2167,val_perturb,-2.432093,1258
2026-08-11T03:21:24+00:00,C008_p_MIN_PERIODSx0.75,d919f8073f8764ad,val_perturb,-2.811209,1258
2026-08-11T03:21:27+00:00,C008_p_MIN_PERIODSx1.25,2f53e19e233abc03,val_perturb,-2.843887,1258
2026-08-11T03:21:29+00:00,gate2_C008_C004_correlation,daf4fd8783bc2c01,val_baseline,-0.800269,1258
2026-08-11T03:21:31+00:00,gate2_C008_C006_correlation,1ad660eccedd7a44,val_baseline,-0.952825,1258
2026-08-11T03:21:33+00:00,C009,e61bcd1e6a56898e,train_val,-4.366761,4781
2026-08-11T03:21:35+00:00,C009,1d95c6de33d12817,val_cost25,-9.238279,1258
2026-08-11T03:21:36+00:00,C009,0382b690d4e6cee4,val_cost5,-2.171937,1258
2026-08-11T03:21:38+00:00,C009_p_RETURN_WINDOWx1.25,b1fe34537c68451e,val_perturb,-2.306338,1258
2026-08-11T03:21:40+00:00,gate2_C009_C004_correlation,9afc91f92f3079fc,val_baseline,-0.800269,1258
2026-08-11T03:21:43+00:00,C010,50256802e8f73ee0,train_val,0.655477,4781
2026-08-11T03:21:44+00:00,C010,4dfd145d46203a5a,val_cost25,0.335499,1258
2026-08-11T03:21:46+00:00,C010,cfbe27ce3d9f3b53,val_cost5,0.64108,1258
2026-08-11T03:21:49+00:00,C010_p_EXPR[2]x0.75,c5722f07f685c822,val_perturb,0.413132,1258
2026-08-11T03:21:52+00:00,C010_p_EXPR[2]x1.25,dc097a9b295987d1,val_perturb,0.507524,1258
2026-08-11T03:21:55+00:00,C011,3cea4dc72c2f4456,train_val,-0.422717,4781
2026-08-11T03:21:56+00:00,C011,00ad4b225973059e,val_cost25,-1.314231,1258
2026-08-11T03:21:58+00:00,C011,94a9bb9d78eaa985,val_cost5,0.120411,1258
2026-08-11T03:22:01+00:00,C011_p_RETURN_WINDOWx0.75,37484d2a2e8ea321,val_perturb,-0.356933,1258
2026-08-11T03:22:05+00:00,C011_p_RETURN_WINDOWx1.25,8d10f2209e02f1c4,val_perturb,-0.214311,1258
2026-08-11T03:22:08+00:00,C011_p_EXPR[2]x0.75,063b2f95177e5773,val_perturb,-0.25218,1258
2026-08-11T03:22:11+00:00,C011_p_EXPR[2]x1.25,b8e6164de769f26a,val_perturb,-0.227219,1258
2026-08-11T03:22:12+00:00,C012,62dc7bc1edad76cd,train_val,-0.468607,4781
2026-08-11T03:22:14+00:00,C012,cb3e86c908f6ffd7,val_cost25,-1.378406,1258
2026-08-11T03:22:16+00:00,C012,3c0ce597f5bc99a7,val_cost5,0.075859,1258
2026-08-11T03:22:17+00:00,C012_p_RETURN_WINDOWx0.75,405717e2c503c363,val_perturb,-0.432867,1258
2026-08-11T03:22:19+00:00,C012_p_RETURN_WINDOWx1.25,e079d0713af2d4f8,val_perturb,-0.276003,1258
2026-08-11T03:22:22+00:00,C013,b71f950380d72aa4,train_val,-0.023316,4781
2026-08-11T03:22:24+00:00,C013,946bd7c212277063,val_cost25,-0.342766,1258
2026-08-11T03:22:26+00:00,C013,ae9a6751ab5a3f07,val_cost5,0.242293,1258
2026-08-11T03:22:30+00:00,C013_p_SPIKE_Zx0.75,846a53a7ac82daed,val_perturb,0.058401,1258
2026-08-11T03:22:34+00:00,C013_p_SPIKE_Zx1.25,ed9207f7b6979933,val_perturb,0.051157,1258
2026-08-11T03:22:38+00:00,C013_p_POST_DAYSx0.75,6b8e9f31483b604e,val_perturb,0.136602,1258
2026-08-11T03:22:42+00:00,C013_p_POST_DAYSx1.25,f32010fd34827a84,val_perturb,0.120689,1258
2026-08-11T03:22:46+00:00,C013_p_WINDOWx0.75,000c26365b8bc932,val_perturb,0.155406,1258
2026-08-11T03:22:50+00:00,C013_p_WINDOWx1.25,22b6a9d7f5391e1e,val_perturb,0.190597,1258
2026-08-11T03:22:54+00:00,C013_p_MIN_SPIKESx0.75,0c368a1b0c139da6,val_perturb,0.09932,1258
2026-08-11T03:22:58+00:00,C013_p_MIN_SPIKESx1.25,e9fb454131d7b4f7,val_perturb,0.10672,1258
2026-08-11T03:23:03+00:00,C013_p_VOL_WINDOWx0.75,23bea51ccdea7128,val_perturb,0.096452,1258
2026-08-11T03:23:06+00:00,C013_p_VOL_WINDOWx1.25,5c07667c57eb515a,val_perturb,0.157456,1258
2026-08-11T03:23:10+00:00,C013_p_RETURN_WINDOWx0.75,d02185b64f5e24e6,val_perturb,0.177002,1258
2026-08-11T03:23:15+00:00,C013_p_RETURN_WINDOWx1.25,e497281e6cd836ec,val_perturb,0.141896,1258
2026-08-11T03:23:16+00:00,C013_p_HOLDx0.75,3ab6bb071655cf07,val_perturb,0.030853,1258
2026-08-11T03:23:18+00:00,C013_p_HOLDx1.25,accbe6435c045c45,val_perturb,0.140047,1258
2026-08-11T03:23:20+00:00,gate2_C013_C012_same_hold,32dd04bc22d6e40a,val_baseline,0.239031,1258
2026-08-11T03:23:23+00:00,C014,ef6ae9b6e7054c98,train_val,-0.454865,4781
2026-08-11T03:23:24+00:00,C014,0406f84c91077de2,val_cost25,-1.05797,1258
2026-08-11T03:23:26+00:00,C014,8bbc3a90cecf22a8,val_cost5,-0.021521,1258
2026-08-11T03:23:29+00:00,C014_p_SMOOTHx0.75,760dfe260a816a92,val_perturb,-0.289483,1258
2026-08-11T03:23:32+00:00,C014_p_SMOOTHx1.25,c5b24f68e96e4cd2,val_perturb,-0.206245,1258
2026-08-11T03:23:35+00:00,C014_p_MIN_PERIODSx0.75,5b3310cff5dbe281,val_perturb,-0.27963,1258
2026-08-11T03:23:38+00:00,C014_p_MIN_PERIODSx1.25,27395cf4f620d108,val_perturb,-0.28071,1258
2026-08-11T03:23:41+00:00,C014_p_VOL_WINDOWx0.75,d0b78337da917abd,val_perturb,-0.313922,1258
2026-08-11T03:23:44+00:00,C014_p_VOL_WINDOWx1.25,d318ad4c8878f0bd,val_perturb,-0.129601,1258
2026-08-11T03:23:46+00:00,C014_p_HOLDx0.75,baa61782b5118b56,val_perturb,-0.429678,1258
2026-08-11T03:23:48+00:00,C014_p_HOLDx1.25,73ae1bb65363c073,val_perturb,-0.214869,1258
2026-08-11T03:23:51+00:00,C015,313a8379ee3fb003,train_val,0.735482,4781
2026-08-11T03:23:53+00:00,C015,d0665b5114603cb4,val_cost25,0.517342,1258
2026-08-11T03:23:55+00:00,C015,a23f008129d206f0,val_cost5,0.695864,1258
2026-08-11T03:23:57+00:00,C015_p_WINDOWx0.75,75a7702a67be8b31,val_perturb,0.54684,1258
2026-08-11T03:24:00+00:00,C015_p_WINDOWx1.25,f1a0cadb1d75ec11,val_perturb,0.603412,1258
2026-08-11T03:24:02+00:00,C015_p_HOLDx0.75,1d6ea4d4f221baeb,val_perturb,0.640523,1258
2026-08-11T03:24:04+00:00,C015_p_HOLDx1.25,16671b360d1c1c50,val_perturb,0.664329,1258
2026-08-11T03:24:09+00:00,C016,879af05f9566a075,train_val,0.44369,4781
2026-08-11T03:24:09+00:00,C016,dea01a15a7d0129e,val_cost25,-0.469833,1258
2026-08-11T03:24:09+00:00,C016,11f094c012513754,val_cost10,-0.021097,1258
2026-08-11T03:24:10+00:00,C016_p_VOL_WINDOWx0.75,2a92bfc3bddb7ec8,val_perturb,0.075186,1258
2026-08-11T03:24:10+00:00,C016_p_VOL_WINDOWx1.25,dc0bb3378cf004b6,val_perturb,-0.042875,1258
2026-08-11T03:24:10+00:00,C016_p_HOLDx0.75,e963ffd030d7a4a7,val_perturb,0.095102,1258
2026-08-11T03:24:10+00:00,C016_p_HOLDx1.25,6e2f32e7507d9562,val_perturb,0.152625,1258
2026-08-11T03:24:10+00:00,C016_p_QUANTILEx0.75,b87fd33dc00081b5,val_perturb,0.218711,1258
2026-08-11T03:24:10+00:00,C016_p_QUANTILEx1.25,1170fa45fbcce3e0,val_perturb,0.017141,1258
2026-08-11T03:24:11+00:00,C016_p_MIN_NAMESx0.75,d2d95cfacd2d15af,val_perturb,0.128484,1258
2026-08-11T03:24:11+00:00,C016_p_MIN_NAMESx0.75,3c477a98a4dc3945,val_perturb,error,0
2026-08-11T03:24:11+00:00,C016_p_MIN_NAMESx1.25,7a0cda367e417197,val_perturb,0.128484,1258
2026-08-11T03:24:11+00:00,C016_p_MIN_NAMESx1.25,84bfe365e1de8d27,val_perturb,error,0
2026-08-11T03:24:11+00:00,C016_p_EXPR[2]x0.75,8e2d46786a4de47c,val_perturb,-0.309162,1258
2026-08-11T03:24:11+00:00,C016_p_EXPR[2]x1.25,7abe2fdb157eb0a1,val_perturb,0.041341,1258
2026-08-11T03:25:43+00:00,diag_rangevol_eq,24acfd748feceb26,diag_full,0.735482,4781
2026-08-11T03:25:47+00:00,diag_rangevol_etf,a5e6533144ba6d92,diag_val,0.45343,1258
